x_name,y_name,lag,p-value
NEGATIVE_Centre,NEGATIVE_Left-wing,1,0.007
NEGATIVE_Centre,NEGATIVE_Left-wing,2,0.001
NEGATIVE_Centre,NEGATIVE_Left-wing,3,0.000
NEGATIVE_Centre,NEGATIVE_Left-wing,4,0.000
NEGATIVE_Centre,NEGATIVE_Left-wing,5,0.001
NEGATIVE_Centre,NEGATIVE_Left-wing,6,0.008
NEGATIVE_Centre,NEGATIVE_Right-wing,1,0.007
NEGATIVE_Centre,NEGATIVE_Right-wing,2,0.064
NEGATIVE_Centre,NEGATIVE_Right-wing,3,0.002
NEGATIVE_Centre,NEGATIVE_Right-wing,4,0.091
NEGATIVE_Centre,NEGATIVE_Right-wing,5,0.242
NEGATIVE_Centre,NEGATIVE_Right-wing,6,0.005
NEGATIVE_Centre,POSITIVE_Centre,1,0.198
NEGATIVE_Centre,POSITIVE_Centre,2,0.160
NEGATIVE_Centre,POSITIVE_Centre,3,0.156
NEGATIVE_Centre,POSITIVE_Centre,4,0.057
NEGATIVE_Centre,POSITIVE_Centre,5,0.134
NEGATIVE_Centre,POSITIVE_Centre,6,0.172
NEGATIVE_Centre,POSITIVE_Left-wing,1,0.403
NEGATIVE_Centre,POSITIVE_Left-wing,2,0.007
NEGATIVE_Centre,POSITIVE_Left-wing,3,0.016
NEGATIVE_Centre,POSITIVE_Left-wing,4,0.004
NEGATIVE_Centre,POSITIVE_Left-wing,5,0.036
NEGATIVE_Centre,POSITIVE_Left-wing,6,0.012
NEGATIVE_Centre,POSITIVE_Right-wing,1,0.111
NEGATIVE_Centre,POSITIVE_Right-wing,2,0.000
NEGATIVE_Centre,POSITIVE_Right-wing,3,0.002
NEGATIVE_Centre,POSITIVE_Right-wing,4,0.009
NEGATIVE_Centre,POSITIVE_Right-wing,5,0.006
NEGATIVE_Centre,POSITIVE_Right-wing,6,0.005
NEGATIVE_Centre,NEGATIVE_Centre_parties,1,0.057
NEGATIVE_Centre,NEGATIVE_Centre_parties,2,0.000
NEGATIVE_Centre,NEGATIVE_Centre_parties,3,0.000
NEGATIVE_Centre,NEGATIVE_Centre_parties,4,0.000
NEGATIVE_Centre,NEGATIVE_Centre_parties,5,0.000
NEGATIVE_Centre,NEGATIVE_Centre_parties,6,0.000
NEGATIVE_Centre,NEGATIVE_Conservative,1,0.009
NEGATIVE_Centre,NEGATIVE_Conservative,2,0.000
NEGATIVE_Centre,NEGATIVE_Conservative,3,0.000
NEGATIVE_Centre,NEGATIVE_Conservative,4,0.002
NEGATIVE_Centre,NEGATIVE_Conservative,5,0.006
NEGATIVE_Centre,NEGATIVE_Conservative,6,0.013
NEGATIVE_Centre,NEGATIVE_Labour,1,0.119
NEGATIVE_Centre,NEGATIVE_Labour,2,0.000
NEGATIVE_Centre,NEGATIVE_Labour,3,0.000
NEGATIVE_Centre,NEGATIVE_Labour,4,0.000
NEGATIVE_Centre,NEGATIVE_Labour,5,0.000
NEGATIVE_Centre,NEGATIVE_Labour,6,0.000
NEGATIVE_Centre,POSITIVE_Centre_parties,1,0.002
NEGATIVE_Centre,POSITIVE_Centre_parties,2,0.000
NEGATIVE_Centre,POSITIVE_Centre_parties,3,0.000
NEGATIVE_Centre,POSITIVE_Centre_parties,4,0.000
NEGATIVE_Centre,POSITIVE_Centre_parties,5,0.000
NEGATIVE_Centre,POSITIVE_Centre_parties,6,0.000
NEGATIVE_Centre,POSITIVE_Conservative,1,0.027
NEGATIVE_Centre,POSITIVE_Conservative,2,0.000
NEGATIVE_Centre,POSITIVE_Conservative,3,0.000
NEGATIVE_Centre,POSITIVE_Conservative,4,0.000
NEGATIVE_Centre,POSITIVE_Conservative,5,0.011
NEGATIVE_Centre,POSITIVE_Conservative,6,0.029
NEGATIVE_Centre,POSITIVE_Labour,1,0.511
NEGATIVE_Centre,POSITIVE_Labour,2,0.000
NEGATIVE_Centre,POSITIVE_Labour,3,0.000
NEGATIVE_Centre,POSITIVE_Labour,4,0.000
NEGATIVE_Centre,POSITIVE_Labour,5,0.000
NEGATIVE_Centre,POSITIVE_Labour,6,0.000
NEGATIVE_Left-wing,NEGATIVE_Centre,1,0.000
NEGATIVE_Left-wing,NEGATIVE_Centre,2,0.000
NEGATIVE_Left-wing,NEGATIVE_Centre,3,0.000
NEGATIVE_Left-wing,NEGATIVE_Centre,4,0.000
NEGATIVE_Left-wing,NEGATIVE_Centre,5,0.000
NEGATIVE_Left-wing,NEGATIVE_Centre,6,0.000
NEGATIVE_Left-wing,NEGATIVE_Right-wing,1,0.945
NEGATIVE_Left-wing,NEGATIVE_Right-wing,2,0.853
NEGATIVE_Left-wing,NEGATIVE_Right-wing,3,0.010
NEGATIVE_Left-wing,NEGATIVE_Right-wing,4,0.194
NEGATIVE_Left-wing,NEGATIVE_Right-wing,5,0.308
NEGATIVE_Left-wing,NEGATIVE_Right-wing,6,0.007
NEGATIVE_Left-wing,POSITIVE_Centre,1,0.052
NEGATIVE_Left-wing,POSITIVE_Centre,2,0.000
NEGATIVE_Left-wing,POSITIVE_Centre,3,0.000
NEGATIVE_Left-wing,POSITIVE_Centre,4,0.001
NEGATIVE_Left-wing,POSITIVE_Centre,5,0.001
NEGATIVE_Left-wing,POSITIVE_Centre,6,0.002
NEGATIVE_Left-wing,POSITIVE_Left-wing,1,0.506
NEGATIVE_Left-wing,POSITIVE_Left-wing,2,0.352
NEGATIVE_Left-wing,POSITIVE_Left-wing,3,0.053
NEGATIVE_Left-wing,POSITIVE_Left-wing,4,0.029
NEGATIVE_Left-wing,POSITIVE_Left-wing,5,0.006
NEGATIVE_Left-wing,POSITIVE_Left-wing,6,0.019
NEGATIVE_Left-wing,POSITIVE_Right-wing,1,0.323
NEGATIVE_Left-wing,POSITIVE_Right-wing,2,0.159
NEGATIVE_Left-wing,POSITIVE_Right-wing,3,0.248
NEGATIVE_Left-wing,POSITIVE_Right-wing,4,0.579
NEGATIVE_Left-wing,POSITIVE_Right-wing,5,0.566
NEGATIVE_Left-wing,POSITIVE_Right-wing,6,0.701
NEGATIVE_Left-wing,NEGATIVE_Centre_parties,1,0.005
NEGATIVE_Left-wing,NEGATIVE_Centre_parties,2,0.000
NEGATIVE_Left-wing,NEGATIVE_Centre_parties,3,0.003
NEGATIVE_Left-wing,NEGATIVE_Centre_parties,4,0.075
NEGATIVE_Left-wing,NEGATIVE_Centre_parties,5,0.197
NEGATIVE_Left-wing,NEGATIVE_Centre_parties,6,0.202
NEGATIVE_Left-wing,NEGATIVE_Conservative,1,0.000
NEGATIVE_Left-wing,NEGATIVE_Conservative,2,0.000
NEGATIVE_Left-wing,NEGATIVE_Conservative,3,0.000
NEGATIVE_Left-wing,NEGATIVE_Conservative,4,0.002
NEGATIVE_Left-wing,NEGATIVE_Conservative,5,0.006
NEGATIVE_Left-wing,NEGATIVE_Conservative,6,0.003
NEGATIVE_Left-wing,NEGATIVE_Labour,1,0.005
NEGATIVE_Left-wing,NEGATIVE_Labour,2,0.000
NEGATIVE_Left-wing,NEGATIVE_Labour,3,0.001
NEGATIVE_Left-wing,NEGATIVE_Labour,4,0.087
NEGATIVE_Left-wing,NEGATIVE_Labour,5,0.158
NEGATIVE_Left-wing,NEGATIVE_Labour,6,0.085
NEGATIVE_Left-wing,POSITIVE_Centre_parties,1,0.005
NEGATIVE_Left-wing,POSITIVE_Centre_parties,2,0.003
NEGATIVE_Left-wing,POSITIVE_Centre_parties,3,0.043
NEGATIVE_Left-wing,POSITIVE_Centre_parties,4,0.158
NEGATIVE_Left-wing,POSITIVE_Centre_parties,5,0.131
NEGATIVE_Left-wing,POSITIVE_Centre_parties,6,0.045
NEGATIVE_Left-wing,POSITIVE_Conservative,1,0.002
NEGATIVE_Left-wing,POSITIVE_Conservative,2,0.000
NEGATIVE_Left-wing,POSITIVE_Conservative,3,0.001
NEGATIVE_Left-wing,POSITIVE_Conservative,4,0.071
NEGATIVE_Left-wing,POSITIVE_Conservative,5,0.118
NEGATIVE_Left-wing,POSITIVE_Conservative,6,0.036
NEGATIVE_Left-wing,POSITIVE_Labour,1,0.001
NEGATIVE_Left-wing,POSITIVE_Labour,2,0.001
NEGATIVE_Left-wing,POSITIVE_Labour,3,0.007
NEGATIVE_Left-wing,POSITIVE_Labour,4,0.069
NEGATIVE_Left-wing,POSITIVE_Labour,5,0.034
NEGATIVE_Left-wing,POSITIVE_Labour,6,0.014
NEGATIVE_Right-wing,NEGATIVE_Centre,1,0.000
NEGATIVE_Right-wing,NEGATIVE_Centre,2,0.000
NEGATIVE_Right-wing,NEGATIVE_Centre,3,0.000
NEGATIVE_Right-wing,NEGATIVE_Centre,4,0.000
NEGATIVE_Right-wing,NEGATIVE_Centre,5,0.000
NEGATIVE_Right-wing,NEGATIVE_Centre,6,0.000
NEGATIVE_Right-wing,NEGATIVE_Left-wing,1,0.000
NEGATIVE_Right-wing,NEGATIVE_Left-wing,2,0.000
NEGATIVE_Right-wing,NEGATIVE_Left-wing,3,0.000
NEGATIVE_Right-wing,NEGATIVE_Left-wing,4,0.000
NEGATIVE_Right-wing,NEGATIVE_Left-wing,5,0.000
NEGATIVE_Right-wing,NEGATIVE_Left-wing,6,0.000
NEGATIVE_Right-wing,POSITIVE_Centre,1,0.001
NEGATIVE_Right-wing,POSITIVE_Centre,2,0.002
NEGATIVE_Right-wing,POSITIVE_Centre,3,0.002
NEGATIVE_Right-wing,POSITIVE_Centre,4,0.006
NEGATIVE_Right-wing,POSITIVE_Centre,5,0.004
NEGATIVE_Right-wing,POSITIVE_Centre,6,0.014
NEGATIVE_Right-wing,POSITIVE_Left-wing,1,0.003
NEGATIVE_Right-wing,POSITIVE_Left-wing,2,0.001
NEGATIVE_Right-wing,POSITIVE_Left-wing,3,0.002
NEGATIVE_Right-wing,POSITIVE_Left-wing,4,0.001
NEGATIVE_Right-wing,POSITIVE_Left-wing,5,0.002
NEGATIVE_Right-wing,POSITIVE_Left-wing,6,0.007
NEGATIVE_Right-wing,POSITIVE_Right-wing,1,0.309
NEGATIVE_Right-wing,POSITIVE_Right-wing,2,0.002
NEGATIVE_Right-wing,POSITIVE_Right-wing,3,0.006
NEGATIVE_Right-wing,POSITIVE_Right-wing,4,0.031
NEGATIVE_Right-wing,POSITIVE_Right-wing,5,0.066
NEGATIVE_Right-wing,POSITIVE_Right-wing,6,0.096
NEGATIVE_Right-wing,NEGATIVE_Centre_parties,1,0.085
NEGATIVE_Right-wing,NEGATIVE_Centre_parties,2,0.000
NEGATIVE_Right-wing,NEGATIVE_Centre_parties,3,0.000
NEGATIVE_Right-wing,NEGATIVE_Centre_parties,4,0.000
NEGATIVE_Right-wing,NEGATIVE_Centre_parties,5,0.000
NEGATIVE_Right-wing,NEGATIVE_Centre_parties,6,0.000
NEGATIVE_Right-wing,NEGATIVE_Conservative,1,0.006
NEGATIVE_Right-wing,NEGATIVE_Conservative,2,0.000
NEGATIVE_Right-wing,NEGATIVE_Conservative,3,0.000
NEGATIVE_Right-wing,NEGATIVE_Conservative,4,0.000
NEGATIVE_Right-wing,NEGATIVE_Conservative,5,0.000
NEGATIVE_Right-wing,NEGATIVE_Conservative,6,0.000
NEGATIVE_Right-wing,NEGATIVE_Labour,1,0.001
NEGATIVE_Right-wing,NEGATIVE_Labour,2,0.000
NEGATIVE_Right-wing,NEGATIVE_Labour,3,0.000
NEGATIVE_Right-wing,NEGATIVE_Labour,4,0.000
NEGATIVE_Right-wing,NEGATIVE_Labour,5,0.000
NEGATIVE_Right-wing,NEGATIVE_Labour,6,0.000
NEGATIVE_Right-wing,POSITIVE_Centre_parties,1,0.445
NEGATIVE_Right-wing,POSITIVE_Centre_parties,2,0.001
NEGATIVE_Right-wing,POSITIVE_Centre_parties,3,0.000
NEGATIVE_Right-wing,POSITIVE_Centre_parties,4,0.000
NEGATIVE_Right-wing,POSITIVE_Centre_parties,5,0.000
NEGATIVE_Right-wing,POSITIVE_Centre_parties,6,0.000
NEGATIVE_Right-wing,POSITIVE_Conservative,1,0.000
NEGATIVE_Right-wing,POSITIVE_Conservative,2,0.000
NEGATIVE_Right-wing,POSITIVE_Conservative,3,0.000
NEGATIVE_Right-wing,POSITIVE_Conservative,4,0.000
NEGATIVE_Right-wing,POSITIVE_Conservative,5,0.000
NEGATIVE_Right-wing,POSITIVE_Conservative,6,0.000
NEGATIVE_Right-wing,POSITIVE_Labour,1,0.017
NEGATIVE_Right-wing,POSITIVE_Labour,2,0.001
NEGATIVE_Right-wing,POSITIVE_Labour,3,0.000
NEGATIVE_Right-wing,POSITIVE_Labour,4,0.000
NEGATIVE_Right-wing,POSITIVE_Labour,5,0.000
NEGATIVE_Right-wing,POSITIVE_Labour,6,0.000
POSITIVE_Centre,NEGATIVE_Centre,1,0.062
POSITIVE_Centre,NEGATIVE_Centre,2,0.000
POSITIVE_Centre,NEGATIVE_Centre,3,0.000
POSITIVE_Centre,NEGATIVE_Centre,4,0.001
POSITIVE_Centre,NEGATIVE_Centre,5,0.003
POSITIVE_Centre,NEGATIVE_Centre,6,0.001
POSITIVE_Centre,NEGATIVE_Left-wing,1,0.036
POSITIVE_Centre,NEGATIVE_Left-wing,2,0.014
POSITIVE_Centre,NEGATIVE_Left-wing,3,0.010
POSITIVE_Centre,NEGATIVE_Left-wing,4,0.006
POSITIVE_Centre,NEGATIVE_Left-wing,5,0.006
POSITIVE_Centre,NEGATIVE_Left-wing,6,0.023
POSITIVE_Centre,NEGATIVE_Right-wing,1,0.346
POSITIVE_Centre,NEGATIVE_Right-wing,2,0.736
POSITIVE_Centre,NEGATIVE_Right-wing,3,0.837
POSITIVE_Centre,NEGATIVE_Right-wing,4,0.664
POSITIVE_Centre,NEGATIVE_Right-wing,5,0.594
POSITIVE_Centre,NEGATIVE_Right-wing,6,0.640
POSITIVE_Centre,POSITIVE_Left-wing,1,0.459
POSITIVE_Centre,POSITIVE_Left-wing,2,0.063
POSITIVE_Centre,POSITIVE_Left-wing,3,0.216
POSITIVE_Centre,POSITIVE_Left-wing,4,0.362
POSITIVE_Centre,POSITIVE_Left-wing,5,0.439
POSITIVE_Centre,POSITIVE_Left-wing,6,0.636
POSITIVE_Centre,POSITIVE_Right-wing,1,0.024
POSITIVE_Centre,POSITIVE_Right-wing,2,0.046
POSITIVE_Centre,POSITIVE_Right-wing,3,0.117
POSITIVE_Centre,POSITIVE_Right-wing,4,0.091
POSITIVE_Centre,POSITIVE_Right-wing,5,0.150
POSITIVE_Centre,POSITIVE_Right-wing,6,0.017
POSITIVE_Centre,NEGATIVE_Centre_parties,1,0.521
POSITIVE_Centre,NEGATIVE_Centre_parties,2,0.236
POSITIVE_Centre,NEGATIVE_Centre_parties,3,0.005
POSITIVE_Centre,NEGATIVE_Centre_parties,4,0.004
POSITIVE_Centre,NEGATIVE_Centre_parties,5,0.020
POSITIVE_Centre,NEGATIVE_Centre_parties,6,0.010
POSITIVE_Centre,NEGATIVE_Conservative,1,0.363
POSITIVE_Centre,NEGATIVE_Conservative,2,0.233
POSITIVE_Centre,NEGATIVE_Conservative,3,0.021
POSITIVE_Centre,NEGATIVE_Conservative,4,0.012
POSITIVE_Centre,NEGATIVE_Conservative,5,0.041
POSITIVE_Centre,NEGATIVE_Conservative,6,0.015
POSITIVE_Centre,NEGATIVE_Labour,1,0.231
POSITIVE_Centre,NEGATIVE_Labour,2,0.120
POSITIVE_Centre,NEGATIVE_Labour,3,0.006
POSITIVE_Centre,NEGATIVE_Labour,4,0.004
POSITIVE_Centre,NEGATIVE_Labour,5,0.021
POSITIVE_Centre,NEGATIVE_Labour,6,0.011
POSITIVE_Centre,POSITIVE_Centre_parties,1,0.743
POSITIVE_Centre,POSITIVE_Centre_parties,2,0.900
POSITIVE_Centre,POSITIVE_Centre_parties,3,0.083
POSITIVE_Centre,POSITIVE_Centre_parties,4,0.107
POSITIVE_Centre,POSITIVE_Centre_parties,5,0.253
POSITIVE_Centre,POSITIVE_Centre_parties,6,0.197
POSITIVE_Centre,POSITIVE_Conservative,1,0.076
POSITIVE_Centre,POSITIVE_Conservative,2,0.161
POSITIVE_Centre,POSITIVE_Conservative,3,0.008
POSITIVE_Centre,POSITIVE_Conservative,4,0.003
POSITIVE_Centre,POSITIVE_Conservative,5,0.024
POSITIVE_Centre,POSITIVE_Conservative,6,0.005
POSITIVE_Centre,POSITIVE_Labour,1,0.419
POSITIVE_Centre,POSITIVE_Labour,2,0.323
POSITIVE_Centre,POSITIVE_Labour,3,0.091
POSITIVE_Centre,POSITIVE_Labour,4,0.027
POSITIVE_Centre,POSITIVE_Labour,5,0.108
POSITIVE_Centre,POSITIVE_Labour,6,0.028
POSITIVE_Left-wing,NEGATIVE_Centre,1,0.001
POSITIVE_Left-wing,NEGATIVE_Centre,2,0.000
POSITIVE_Left-wing,NEGATIVE_Centre,3,0.000
POSITIVE_Left-wing,NEGATIVE_Centre,4,0.000
POSITIVE_Left-wing,NEGATIVE_Centre,5,0.000
POSITIVE_Left-wing,NEGATIVE_Centre,6,0.000
POSITIVE_Left-wing,NEGATIVE_Left-wing,1,0.269
POSITIVE_Left-wing,NEGATIVE_Left-wing,2,0.085
POSITIVE_Left-wing,NEGATIVE_Left-wing,3,0.000
POSITIVE_Left-wing,NEGATIVE_Left-wing,4,0.000
POSITIVE_Left-wing,NEGATIVE_Left-wing,5,0.000
POSITIVE_Left-wing,NEGATIVE_Left-wing,6,0.000
POSITIVE_Left-wing,NEGATIVE_Right-wing,1,0.271
POSITIVE_Left-wing,NEGATIVE_Right-wing,2,0.078
POSITIVE_Left-wing,NEGATIVE_Right-wing,3,0.116
POSITIVE_Left-wing,NEGATIVE_Right-wing,4,0.060
POSITIVE_Left-wing,NEGATIVE_Right-wing,5,0.039
POSITIVE_Left-wing,NEGATIVE_Right-wing,6,0.171
POSITIVE_Left-wing,POSITIVE_Centre,1,0.048
POSITIVE_Left-wing,POSITIVE_Centre,2,0.006
POSITIVE_Left-wing,POSITIVE_Centre,3,0.010
POSITIVE_Left-wing,POSITIVE_Centre,4,0.011
POSITIVE_Left-wing,POSITIVE_Centre,5,0.027
POSITIVE_Left-wing,POSITIVE_Centre,6,0.074
POSITIVE_Left-wing,POSITIVE_Right-wing,1,0.406
POSITIVE_Left-wing,POSITIVE_Right-wing,2,0.238
POSITIVE_Left-wing,POSITIVE_Right-wing,3,0.473
POSITIVE_Left-wing,POSITIVE_Right-wing,4,0.414
POSITIVE_Left-wing,POSITIVE_Right-wing,5,0.303
POSITIVE_Left-wing,POSITIVE_Right-wing,6,0.509
POSITIVE_Left-wing,NEGATIVE_Centre_parties,1,0.415
POSITIVE_Left-wing,NEGATIVE_Centre_parties,2,0.095
POSITIVE_Left-wing,NEGATIVE_Centre_parties,3,0.065
POSITIVE_Left-wing,NEGATIVE_Centre_parties,4,0.046
POSITIVE_Left-wing,NEGATIVE_Centre_parties,5,0.109
POSITIVE_Left-wing,NEGATIVE_Centre_parties,6,0.135
POSITIVE_Left-wing,NEGATIVE_Conservative,1,0.708
POSITIVE_Left-wing,NEGATIVE_Conservative,2,0.575
POSITIVE_Left-wing,NEGATIVE_Conservative,3,0.147
POSITIVE_Left-wing,NEGATIVE_Conservative,4,0.100
POSITIVE_Left-wing,NEGATIVE_Conservative,5,0.244
POSITIVE_Left-wing,NEGATIVE_Conservative,6,0.298
POSITIVE_Left-wing,NEGATIVE_Labour,1,0.647
POSITIVE_Left-wing,NEGATIVE_Labour,2,0.221
POSITIVE_Left-wing,NEGATIVE_Labour,3,0.136
POSITIVE_Left-wing,NEGATIVE_Labour,4,0.026
POSITIVE_Left-wing,NEGATIVE_Labour,5,0.077
POSITIVE_Left-wing,NEGATIVE_Labour,6,0.123
POSITIVE_Left-wing,POSITIVE_Centre_parties,1,0.352
POSITIVE_Left-wing,POSITIVE_Centre_parties,2,0.451
POSITIVE_Left-wing,POSITIVE_Centre_parties,3,0.575
POSITIVE_Left-wing,POSITIVE_Centre_parties,4,0.571
POSITIVE_Left-wing,POSITIVE_Centre_parties,5,0.627
POSITIVE_Left-wing,POSITIVE_Centre_parties,6,0.806
POSITIVE_Left-wing,POSITIVE_Conservative,1,0.288
POSITIVE_Left-wing,POSITIVE_Conservative,2,0.337
POSITIVE_Left-wing,POSITIVE_Conservative,3,0.187
POSITIVE_Left-wing,POSITIVE_Conservative,4,0.036
POSITIVE_Left-wing,POSITIVE_Conservative,5,0.113
POSITIVE_Left-wing,POSITIVE_Conservative,6,0.257
POSITIVE_Left-wing,POSITIVE_Labour,1,0.303
POSITIVE_Left-wing,POSITIVE_Labour,2,0.103
POSITIVE_Left-wing,POSITIVE_Labour,3,0.076
POSITIVE_Left-wing,POSITIVE_Labour,4,0.145
POSITIVE_Left-wing,POSITIVE_Labour,5,0.226
POSITIVE_Left-wing,POSITIVE_Labour,6,0.263
POSITIVE_Right-wing,NEGATIVE_Centre,1,0.461
POSITIVE_Right-wing,NEGATIVE_Centre,2,0.000
POSITIVE_Right-wing,NEGATIVE_Centre,3,0.000
POSITIVE_Right-wing,NEGATIVE_Centre,4,0.000
POSITIVE_Right-wing,NEGATIVE_Centre,5,0.000
POSITIVE_Right-wing,NEGATIVE_Centre,6,0.000
POSITIVE_Right-wing,NEGATIVE_Left-wing,1,0.442
POSITIVE_Right-wing,NEGATIVE_Left-wing,2,0.413
POSITIVE_Right-wing,NEGATIVE_Left-wing,3,0.000
POSITIVE_Right-wing,NEGATIVE_Left-wing,4,0.000
POSITIVE_Right-wing,NEGATIVE_Left-wing,5,0.000
POSITIVE_Right-wing,NEGATIVE_Left-wing,6,0.001
POSITIVE_Right-wing,NEGATIVE_Right-wing,1,0.026
POSITIVE_Right-wing,NEGATIVE_Right-wing,2,0.001
POSITIVE_Right-wing,NEGATIVE_Right-wing,3,0.010
POSITIVE_Right-wing,NEGATIVE_Right-wing,4,0.000
POSITIVE_Right-wing,NEGATIVE_Right-wing,5,0.000
POSITIVE_Right-wing,NEGATIVE_Right-wing,6,0.001
POSITIVE_Right-wing,POSITIVE_Centre,1,0.030
POSITIVE_Right-wing,POSITIVE_Centre,2,0.008
POSITIVE_Right-wing,POSITIVE_Centre,3,0.007
POSITIVE_Right-wing,POSITIVE_Centre,4,0.004
POSITIVE_Right-wing,POSITIVE_Centre,5,0.001
POSITIVE_Right-wing,POSITIVE_Centre,6,0.013
POSITIVE_Right-wing,POSITIVE_Left-wing,1,0.090
POSITIVE_Right-wing,POSITIVE_Left-wing,2,0.210
POSITIVE_Right-wing,POSITIVE_Left-wing,3,0.161
POSITIVE_Right-wing,POSITIVE_Left-wing,4,0.345
POSITIVE_Right-wing,POSITIVE_Left-wing,5,0.067
POSITIVE_Right-wing,POSITIVE_Left-wing,6,0.210
POSITIVE_Right-wing,NEGATIVE_Centre_parties,1,0.227
POSITIVE_Right-wing,NEGATIVE_Centre_parties,2,0.354
POSITIVE_Right-wing,NEGATIVE_Centre_parties,3,0.062
POSITIVE_Right-wing,NEGATIVE_Centre_parties,4,0.005
POSITIVE_Right-wing,NEGATIVE_Centre_parties,5,0.000
POSITIVE_Right-wing,NEGATIVE_Centre_parties,6,0.000
POSITIVE_Right-wing,NEGATIVE_Conservative,1,0.511
POSITIVE_Right-wing,NEGATIVE_Conservative,2,0.990
POSITIVE_Right-wing,NEGATIVE_Conservative,3,0.087
POSITIVE_Right-wing,NEGATIVE_Conservative,4,0.006
POSITIVE_Right-wing,NEGATIVE_Conservative,5,0.000
POSITIVE_Right-wing,NEGATIVE_Conservative,6,0.000
POSITIVE_Right-wing,NEGATIVE_Labour,1,0.265
POSITIVE_Right-wing,NEGATIVE_Labour,2,0.916
POSITIVE_Right-wing,NEGATIVE_Labour,3,0.326
POSITIVE_Right-wing,NEGATIVE_Labour,4,0.012
POSITIVE_Right-wing,NEGATIVE_Labour,5,0.000
POSITIVE_Right-wing,NEGATIVE_Labour,6,0.000
POSITIVE_Right-wing,POSITIVE_Centre_parties,1,0.683
POSITIVE_Right-wing,POSITIVE_Centre_parties,2,0.228
POSITIVE_Right-wing,POSITIVE_Centre_parties,3,0.258
POSITIVE_Right-wing,POSITIVE_Centre_parties,4,0.036
POSITIVE_Right-wing,POSITIVE_Centre_parties,5,0.003
POSITIVE_Right-wing,POSITIVE_Centre_parties,6,0.003
POSITIVE_Right-wing,POSITIVE_Conservative,1,0.441
POSITIVE_Right-wing,POSITIVE_Conservative,2,0.718
POSITIVE_Right-wing,POSITIVE_Conservative,3,0.883
POSITIVE_Right-wing,POSITIVE_Conservative,4,0.004
POSITIVE_Right-wing,POSITIVE_Conservative,5,0.000
POSITIVE_Right-wing,POSITIVE_Conservative,6,0.000
POSITIVE_Right-wing,POSITIVE_Labour,1,0.401
POSITIVE_Right-wing,POSITIVE_Labour,2,0.552
POSITIVE_Right-wing,POSITIVE_Labour,3,0.050
POSITIVE_Right-wing,POSITIVE_Labour,4,0.000
POSITIVE_Right-wing,POSITIVE_Labour,5,0.000
POSITIVE_Right-wing,POSITIVE_Labour,6,0.000
NEGATIVE_Centre_parties,NEGATIVE_Centre,1,0.044
NEGATIVE_Centre_parties,NEGATIVE_Centre,2,0.005
NEGATIVE_Centre_parties,NEGATIVE_Centre,3,0.012
NEGATIVE_Centre_parties,NEGATIVE_Centre,4,0.000
NEGATIVE_Centre_parties,NEGATIVE_Centre,5,0.002
NEGATIVE_Centre_parties,NEGATIVE_Centre,6,0.000
NEGATIVE_Centre_parties,NEGATIVE_Left-wing,1,0.227
NEGATIVE_Centre_parties,NEGATIVE_Left-wing,2,0.006
NEGATIVE_Centre_parties,NEGATIVE_Left-wing,3,0.000
NEGATIVE_Centre_parties,NEGATIVE_Left-wing,4,0.000
NEGATIVE_Centre_parties,NEGATIVE_Left-wing,5,0.009
NEGATIVE_Centre_parties,NEGATIVE_Left-wing,6,0.013
NEGATIVE_Centre_parties,NEGATIVE_Right-wing,1,0.012
NEGATIVE_Centre_parties,NEGATIVE_Right-wing,2,0.003
NEGATIVE_Centre_parties,NEGATIVE_Right-wing,3,0.022
NEGATIVE_Centre_parties,NEGATIVE_Right-wing,4,0.036
NEGATIVE_Centre_parties,NEGATIVE_Right-wing,5,0.184
NEGATIVE_Centre_parties,NEGATIVE_Right-wing,6,0.391
NEGATIVE_Centre_parties,POSITIVE_Centre,1,0.820
NEGATIVE_Centre_parties,POSITIVE_Centre,2,0.025
NEGATIVE_Centre_parties,POSITIVE_Centre,3,0.025
NEGATIVE_Centre_parties,POSITIVE_Centre,4,0.101
NEGATIVE_Centre_parties,POSITIVE_Centre,5,0.320
NEGATIVE_Centre_parties,POSITIVE_Centre,6,0.281
NEGATIVE_Centre_parties,POSITIVE_Left-wing,1,0.568
NEGATIVE_Centre_parties,POSITIVE_Left-wing,2,0.447
NEGATIVE_Centre_parties,POSITIVE_Left-wing,3,0.619
NEGATIVE_Centre_parties,POSITIVE_Left-wing,4,0.921
NEGATIVE_Centre_parties,POSITIVE_Left-wing,5,0.995
NEGATIVE_Centre_parties,POSITIVE_Left-wing,6,0.978
NEGATIVE_Centre_parties,POSITIVE_Right-wing,1,0.001
NEGATIVE_Centre_parties,POSITIVE_Right-wing,2,0.007
NEGATIVE_Centre_parties,POSITIVE_Right-wing,3,0.007
NEGATIVE_Centre_parties,POSITIVE_Right-wing,4,0.022
NEGATIVE_Centre_parties,POSITIVE_Right-wing,5,0.014
NEGATIVE_Centre_parties,POSITIVE_Right-wing,6,0.011
NEGATIVE_Centre_parties,NEGATIVE_Conservative,1,0.928
NEGATIVE_Centre_parties,NEGATIVE_Conservative,2,0.994
NEGATIVE_Centre_parties,NEGATIVE_Conservative,3,0.928
NEGATIVE_Centre_parties,NEGATIVE_Conservative,4,0.627
NEGATIVE_Centre_parties,NEGATIVE_Conservative,5,0.021
NEGATIVE_Centre_parties,NEGATIVE_Conservative,6,0.009
NEGATIVE_Centre_parties,NEGATIVE_Labour,1,0.306
NEGATIVE_Centre_parties,NEGATIVE_Labour,2,0.401
NEGATIVE_Centre_parties,NEGATIVE_Labour,3,0.664
NEGATIVE_Centre_parties,NEGATIVE_Labour,4,0.608
NEGATIVE_Centre_parties,NEGATIVE_Labour,5,0.366
NEGATIVE_Centre_parties,NEGATIVE_Labour,6,0.088
NEGATIVE_Centre_parties,POSITIVE_Centre_parties,1,0.618
NEGATIVE_Centre_parties,POSITIVE_Centre_parties,2,0.959
NEGATIVE_Centre_parties,POSITIVE_Centre_parties,3,0.280
NEGATIVE_Centre_parties,POSITIVE_Centre_parties,4,0.328
NEGATIVE_Centre_parties,POSITIVE_Centre_parties,5,0.259
NEGATIVE_Centre_parties,POSITIVE_Centre_parties,6,0.213
NEGATIVE_Centre_parties,POSITIVE_Conservative,1,0.242
NEGATIVE_Centre_parties,POSITIVE_Conservative,2,0.333
NEGATIVE_Centre_parties,POSITIVE_Conservative,3,0.872
NEGATIVE_Centre_parties,POSITIVE_Conservative,4,0.904
NEGATIVE_Centre_parties,POSITIVE_Conservative,5,0.060
NEGATIVE_Centre_parties,POSITIVE_Conservative,6,0.020
NEGATIVE_Centre_parties,POSITIVE_Labour,1,0.211
NEGATIVE_Centre_parties,POSITIVE_Labour,2,0.502
NEGATIVE_Centre_parties,POSITIVE_Labour,3,0.615
NEGATIVE_Centre_parties,POSITIVE_Labour,4,0.296
NEGATIVE_Centre_parties,POSITIVE_Labour,5,0.086
NEGATIVE_Centre_parties,POSITIVE_Labour,6,0.127
NEGATIVE_Conservative,NEGATIVE_Centre,1,0.196
NEGATIVE_Conservative,NEGATIVE_Centre,2,0.029
NEGATIVE_Conservative,NEGATIVE_Centre,3,0.144
NEGATIVE_Conservative,NEGATIVE_Centre,4,0.008
NEGATIVE_Conservative,NEGATIVE_Centre,5,0.017
NEGATIVE_Conservative,NEGATIVE_Centre,6,0.000
NEGATIVE_Conservative,NEGATIVE_Left-wing,1,0.286
NEGATIVE_Conservative,NEGATIVE_Left-wing,2,0.002
NEGATIVE_Conservative,NEGATIVE_Left-wing,3,0.000
NEGATIVE_Conservative,NEGATIVE_Left-wing,4,0.000
NEGATIVE_Conservative,NEGATIVE_Left-wing,5,0.001
NEGATIVE_Conservative,NEGATIVE_Left-wing,6,0.000
NEGATIVE_Conservative,NEGATIVE_Right-wing,1,0.001
NEGATIVE_Conservative,NEGATIVE_Right-wing,2,0.001
NEGATIVE_Conservative,NEGATIVE_Right-wing,3,0.001
NEGATIVE_Conservative,NEGATIVE_Right-wing,4,0.100
NEGATIVE_Conservative,NEGATIVE_Right-wing,5,0.222
NEGATIVE_Conservative,NEGATIVE_Right-wing,6,0.659
NEGATIVE_Conservative,POSITIVE_Centre,1,0.658
NEGATIVE_Conservative,POSITIVE_Centre,2,0.223
NEGATIVE_Conservative,POSITIVE_Centre,3,0.231
NEGATIVE_Conservative,POSITIVE_Centre,4,0.438
NEGATIVE_Conservative,POSITIVE_Centre,5,0.172
NEGATIVE_Conservative,POSITIVE_Centre,6,0.094
NEGATIVE_Conservative,POSITIVE_Left-wing,1,0.290
NEGATIVE_Conservative,POSITIVE_Left-wing,2,0.546
NEGATIVE_Conservative,POSITIVE_Left-wing,3,0.631
NEGATIVE_Conservative,POSITIVE_Left-wing,4,0.530
NEGATIVE_Conservative,POSITIVE_Left-wing,5,0.246
NEGATIVE_Conservative,POSITIVE_Left-wing,6,0.340
NEGATIVE_Conservative,POSITIVE_Right-wing,1,0.029
NEGATIVE_Conservative,POSITIVE_Right-wing,2,0.054
NEGATIVE_Conservative,POSITIVE_Right-wing,3,0.077
NEGATIVE_Conservative,POSITIVE_Right-wing,4,0.043
NEGATIVE_Conservative,POSITIVE_Right-wing,5,0.158
NEGATIVE_Conservative,POSITIVE_Right-wing,6,0.081
NEGATIVE_Conservative,NEGATIVE_Centre_parties,1,0.875
NEGATIVE_Conservative,NEGATIVE_Centre_parties,2,0.768
NEGATIVE_Conservative,NEGATIVE_Centre_parties,3,0.857
NEGATIVE_Conservative,NEGATIVE_Centre_parties,4,0.169
NEGATIVE_Conservative,NEGATIVE_Centre_parties,5,0.078
NEGATIVE_Conservative,NEGATIVE_Centre_parties,6,0.043
NEGATIVE_Conservative,NEGATIVE_Labour,1,0.870
NEGATIVE_Conservative,NEGATIVE_Labour,2,0.772
NEGATIVE_Conservative,NEGATIVE_Labour,3,0.861
NEGATIVE_Conservative,NEGATIVE_Labour,4,0.663
NEGATIVE_Conservative,NEGATIVE_Labour,5,0.508
NEGATIVE_Conservative,NEGATIVE_Labour,6,0.626
NEGATIVE_Conservative,POSITIVE_Centre_parties,1,0.726
NEGATIVE_Conservative,POSITIVE_Centre_parties,2,0.684
NEGATIVE_Conservative,POSITIVE_Centre_parties,3,0.899
NEGATIVE_Conservative,POSITIVE_Centre_parties,4,0.697
NEGATIVE_Conservative,POSITIVE_Centre_parties,5,0.920
NEGATIVE_Conservative,POSITIVE_Centre_parties,6,0.977
NEGATIVE_Conservative,POSITIVE_Conservative,1,0.348
NEGATIVE_Conservative,POSITIVE_Conservative,2,0.689
NEGATIVE_Conservative,POSITIVE_Conservative,3,0.882
NEGATIVE_Conservative,POSITIVE_Conservative,4,0.330
NEGATIVE_Conservative,POSITIVE_Conservative,5,0.180
NEGATIVE_Conservative,POSITIVE_Conservative,6,0.407
NEGATIVE_Conservative,POSITIVE_Labour,1,0.110
NEGATIVE_Conservative,POSITIVE_Labour,2,0.247
NEGATIVE_Conservative,POSITIVE_Labour,3,0.506
NEGATIVE_Conservative,POSITIVE_Labour,4,0.126
NEGATIVE_Conservative,POSITIVE_Labour,5,0.086
NEGATIVE_Conservative,POSITIVE_Labour,6,0.024
NEGATIVE_Labour,NEGATIVE_Centre,1,0.053
NEGATIVE_Labour,NEGATIVE_Centre,2,0.015
NEGATIVE_Labour,NEGATIVE_Centre,3,0.015
NEGATIVE_Labour,NEGATIVE_Centre,4,0.000
NEGATIVE_Labour,NEGATIVE_Centre,5,0.000
NEGATIVE_Labour,NEGATIVE_Centre,6,0.000
NEGATIVE_Labour,NEGATIVE_Left-wing,1,0.338
NEGATIVE_Labour,NEGATIVE_Left-wing,2,0.005
NEGATIVE_Labour,NEGATIVE_Left-wing,3,0.000
NEGATIVE_Labour,NEGATIVE_Left-wing,4,0.000
NEGATIVE_Labour,NEGATIVE_Left-wing,5,0.002
NEGATIVE_Labour,NEGATIVE_Left-wing,6,0.006
NEGATIVE_Labour,NEGATIVE_Right-wing,1,0.002
NEGATIVE_Labour,NEGATIVE_Right-wing,2,0.001
NEGATIVE_Labour,NEGATIVE_Right-wing,3,0.001
NEGATIVE_Labour,NEGATIVE_Right-wing,4,0.017
NEGATIVE_Labour,NEGATIVE_Right-wing,5,0.190
NEGATIVE_Labour,NEGATIVE_Right-wing,6,0.479
NEGATIVE_Labour,POSITIVE_Centre,1,0.654
NEGATIVE_Labour,POSITIVE_Centre,2,0.022
NEGATIVE_Labour,POSITIVE_Centre,3,0.014
NEGATIVE_Labour,POSITIVE_Centre,4,0.078
NEGATIVE_Labour,POSITIVE_Centre,5,0.088
NEGATIVE_Labour,POSITIVE_Centre,6,0.060
NEGATIVE_Labour,POSITIVE_Left-wing,1,0.337
NEGATIVE_Labour,POSITIVE_Left-wing,2,0.619
NEGATIVE_Labour,POSITIVE_Left-wing,3,0.504
NEGATIVE_Labour,POSITIVE_Left-wing,4,0.757
NEGATIVE_Labour,POSITIVE_Left-wing,5,0.876
NEGATIVE_Labour,POSITIVE_Left-wing,6,0.909
NEGATIVE_Labour,POSITIVE_Right-wing,1,0.000
NEGATIVE_Labour,POSITIVE_Right-wing,2,0.002
NEGATIVE_Labour,POSITIVE_Right-wing,3,0.003
NEGATIVE_Labour,POSITIVE_Right-wing,4,0.003
NEGATIVE_Labour,POSITIVE_Right-wing,5,0.011
NEGATIVE_Labour,POSITIVE_Right-wing,6,0.019
NEGATIVE_Labour,NEGATIVE_Centre_parties,1,0.409
NEGATIVE_Labour,NEGATIVE_Centre_parties,2,0.635
NEGATIVE_Labour,NEGATIVE_Centre_parties,3,0.964
NEGATIVE_Labour,NEGATIVE_Centre_parties,4,0.315
NEGATIVE_Labour,NEGATIVE_Centre_parties,5,0.014
NEGATIVE_Labour,NEGATIVE_Centre_parties,6,0.000
NEGATIVE_Labour,NEGATIVE_Conservative,1,0.827
NEGATIVE_Labour,NEGATIVE_Conservative,2,0.804
NEGATIVE_Labour,NEGATIVE_Conservative,3,0.952
NEGATIVE_Labour,NEGATIVE_Conservative,4,0.993
NEGATIVE_Labour,NEGATIVE_Conservative,5,0.099
NEGATIVE_Labour,NEGATIVE_Conservative,6,0.179
NEGATIVE_Labour,POSITIVE_Centre_parties,1,0.593
NEGATIVE_Labour,POSITIVE_Centre_parties,2,0.504
NEGATIVE_Labour,POSITIVE_Centre_parties,3,0.466
NEGATIVE_Labour,POSITIVE_Centre_parties,4,0.863
NEGATIVE_Labour,POSITIVE_Centre_parties,5,0.757
NEGATIVE_Labour,POSITIVE_Centre_parties,6,0.883
NEGATIVE_Labour,POSITIVE_Conservative,1,0.278
NEGATIVE_Labour,POSITIVE_Conservative,2,0.260
NEGATIVE_Labour,POSITIVE_Conservative,3,0.669
NEGATIVE_Labour,POSITIVE_Conservative,4,0.179
NEGATIVE_Labour,POSITIVE_Conservative,5,0.000
NEGATIVE_Labour,POSITIVE_Conservative,6,0.000
NEGATIVE_Labour,POSITIVE_Labour,1,0.306
NEGATIVE_Labour,POSITIVE_Labour,2,0.720
NEGATIVE_Labour,POSITIVE_Labour,3,0.898
NEGATIVE_Labour,POSITIVE_Labour,4,0.927
NEGATIVE_Labour,POSITIVE_Labour,5,0.302
NEGATIVE_Labour,POSITIVE_Labour,6,0.137
POSITIVE_Centre_parties,NEGATIVE_Centre,1,0.013
POSITIVE_Centre_parties,NEGATIVE_Centre,2,0.094
POSITIVE_Centre_parties,NEGATIVE_Centre,3,0.083
POSITIVE_Centre_parties,NEGATIVE_Centre,4,0.001
POSITIVE_Centre_parties,NEGATIVE_Centre,5,0.015
POSITIVE_Centre_parties,NEGATIVE_Centre,6,0.000
POSITIVE_Centre_parties,NEGATIVE_Left-wing,1,0.487
POSITIVE_Centre_parties,NEGATIVE_Left-wing,2,0.011
POSITIVE_Centre_parties,NEGATIVE_Left-wing,3,0.020
POSITIVE_Centre_parties,NEGATIVE_Left-wing,4,0.004
POSITIVE_Centre_parties,NEGATIVE_Left-wing,5,0.016
POSITIVE_Centre_parties,NEGATIVE_Left-wing,6,0.047
POSITIVE_Centre_parties,NEGATIVE_Right-wing,1,0.000
POSITIVE_Centre_parties,NEGATIVE_Right-wing,2,0.000
POSITIVE_Centre_parties,NEGATIVE_Right-wing,3,0.001
POSITIVE_Centre_parties,NEGATIVE_Right-wing,4,0.005
POSITIVE_Centre_parties,NEGATIVE_Right-wing,5,0.040
POSITIVE_Centre_parties,NEGATIVE_Right-wing,6,0.203
POSITIVE_Centre_parties,POSITIVE_Centre,1,0.769
POSITIVE_Centre_parties,POSITIVE_Centre,2,0.883
POSITIVE_Centre_parties,POSITIVE_Centre,3,0.373
POSITIVE_Centre_parties,POSITIVE_Centre,4,0.440
POSITIVE_Centre_parties,POSITIVE_Centre,5,0.712
POSITIVE_Centre_parties,POSITIVE_Centre,6,0.463
POSITIVE_Centre_parties,POSITIVE_Left-wing,1,0.960
POSITIVE_Centre_parties,POSITIVE_Left-wing,2,0.241
POSITIVE_Centre_parties,POSITIVE_Left-wing,3,0.269
POSITIVE_Centre_parties,POSITIVE_Left-wing,4,0.251
POSITIVE_Centre_parties,POSITIVE_Left-wing,5,0.309
POSITIVE_Centre_parties,POSITIVE_Left-wing,6,0.485
POSITIVE_Centre_parties,POSITIVE_Right-wing,1,0.725
POSITIVE_Centre_parties,POSITIVE_Right-wing,2,0.989
POSITIVE_Centre_parties,POSITIVE_Right-wing,3,0.891
POSITIVE_Centre_parties,POSITIVE_Right-wing,4,0.890
POSITIVE_Centre_parties,POSITIVE_Right-wing,5,0.975
POSITIVE_Centre_parties,POSITIVE_Right-wing,6,0.677
POSITIVE_Centre_parties,NEGATIVE_Centre_parties,1,0.162
POSITIVE_Centre_parties,NEGATIVE_Centre_parties,2,0.344
POSITIVE_Centre_parties,NEGATIVE_Centre_parties,3,0.217
POSITIVE_Centre_parties,NEGATIVE_Centre_parties,4,0.186
POSITIVE_Centre_parties,NEGATIVE_Centre_parties,5,0.340
POSITIVE_Centre_parties,NEGATIVE_Centre_parties,6,0.026
POSITIVE_Centre_parties,NEGATIVE_Conservative,1,0.929
POSITIVE_Centre_parties,NEGATIVE_Conservative,2,0.803
POSITIVE_Centre_parties,NEGATIVE_Conservative,3,0.957
POSITIVE_Centre_parties,NEGATIVE_Conservative,4,0.988
POSITIVE_Centre_parties,NEGATIVE_Conservative,5,0.453
POSITIVE_Centre_parties,NEGATIVE_Conservative,6,0.107
POSITIVE_Centre_parties,NEGATIVE_Labour,1,0.053
POSITIVE_Centre_parties,NEGATIVE_Labour,2,0.084
POSITIVE_Centre_parties,NEGATIVE_Labour,3,0.324
POSITIVE_Centre_parties,NEGATIVE_Labour,4,0.371
POSITIVE_Centre_parties,NEGATIVE_Labour,5,0.629
POSITIVE_Centre_parties,NEGATIVE_Labour,6,0.434
POSITIVE_Centre_parties,POSITIVE_Conservative,1,0.034
POSITIVE_Centre_parties,POSITIVE_Conservative,2,0.021
POSITIVE_Centre_parties,POSITIVE_Conservative,3,0.223
POSITIVE_Centre_parties,POSITIVE_Conservative,4,0.093
POSITIVE_Centre_parties,POSITIVE_Conservative,5,0.245
POSITIVE_Centre_parties,POSITIVE_Conservative,6,0.174
POSITIVE_Centre_parties,POSITIVE_Labour,1,0.519
POSITIVE_Centre_parties,POSITIVE_Labour,2,0.706
POSITIVE_Centre_parties,POSITIVE_Labour,3,0.682
POSITIVE_Centre_parties,POSITIVE_Labour,4,0.803
POSITIVE_Centre_parties,POSITIVE_Labour,5,0.799
POSITIVE_Centre_parties,POSITIVE_Labour,6,0.460
POSITIVE_Conservative,NEGATIVE_Centre,1,0.381
POSITIVE_Conservative,NEGATIVE_Centre,2,0.051
POSITIVE_Conservative,NEGATIVE_Centre,3,0.033
POSITIVE_Conservative,NEGATIVE_Centre,4,0.000
POSITIVE_Conservative,NEGATIVE_Centre,5,0.000
POSITIVE_Conservative,NEGATIVE_Centre,6,0.000
POSITIVE_Conservative,NEGATIVE_Left-wing,1,0.304
POSITIVE_Conservative,NEGATIVE_Left-wing,2,0.001
POSITIVE_Conservative,NEGATIVE_Left-wing,3,0.000
POSITIVE_Conservative,NEGATIVE_Left-wing,4,0.000
POSITIVE_Conservative,NEGATIVE_Left-wing,5,0.001
POSITIVE_Conservative,NEGATIVE_Left-wing,6,0.004
POSITIVE_Conservative,NEGATIVE_Right-wing,1,0.004
POSITIVE_Conservative,NEGATIVE_Right-wing,2,0.001
POSITIVE_Conservative,NEGATIVE_Right-wing,3,0.002
POSITIVE_Conservative,NEGATIVE_Right-wing,4,0.003
POSITIVE_Conservative,NEGATIVE_Right-wing,5,0.107
POSITIVE_Conservative,NEGATIVE_Right-wing,6,0.379
POSITIVE_Conservative,POSITIVE_Centre,1,0.219
POSITIVE_Conservative,POSITIVE_Centre,2,0.044
POSITIVE_Conservative,POSITIVE_Centre,3,0.012
POSITIVE_Conservative,POSITIVE_Centre,4,0.039
POSITIVE_Conservative,POSITIVE_Centre,5,0.026
POSITIVE_Conservative,POSITIVE_Centre,6,0.023
POSITIVE_Conservative,POSITIVE_Left-wing,1,0.277
POSITIVE_Conservative,POSITIVE_Left-wing,2,0.728
POSITIVE_Conservative,POSITIVE_Left-wing,3,0.213
POSITIVE_Conservative,POSITIVE_Left-wing,4,0.321
POSITIVE_Conservative,POSITIVE_Left-wing,5,0.247
POSITIVE_Conservative,POSITIVE_Left-wing,6,0.306
POSITIVE_Conservative,POSITIVE_Right-wing,1,0.004
POSITIVE_Conservative,POSITIVE_Right-wing,2,0.020
POSITIVE_Conservative,POSITIVE_Right-wing,3,0.055
POSITIVE_Conservative,POSITIVE_Right-wing,4,0.017
POSITIVE_Conservative,POSITIVE_Right-wing,5,0.144
POSITIVE_Conservative,POSITIVE_Right-wing,6,0.242
POSITIVE_Conservative,NEGATIVE_Centre_parties,1,0.317
POSITIVE_Conservative,NEGATIVE_Centre_parties,2,0.317
POSITIVE_Conservative,NEGATIVE_Centre_parties,3,0.772
POSITIVE_Conservative,NEGATIVE_Centre_parties,4,0.747
POSITIVE_Conservative,NEGATIVE_Centre_parties,5,0.185
POSITIVE_Conservative,NEGATIVE_Centre_parties,6,0.000
POSITIVE_Conservative,NEGATIVE_Conservative,1,0.588
POSITIVE_Conservative,NEGATIVE_Conservative,2,0.911
POSITIVE_Conservative,NEGATIVE_Conservative,3,0.911
POSITIVE_Conservative,NEGATIVE_Conservative,4,0.854
POSITIVE_Conservative,NEGATIVE_Conservative,5,0.703
POSITIVE_Conservative,NEGATIVE_Conservative,6,0.858
POSITIVE_Conservative,NEGATIVE_Labour,1,0.407
POSITIVE_Conservative,NEGATIVE_Labour,2,0.222
POSITIVE_Conservative,NEGATIVE_Labour,3,0.376
POSITIVE_Conservative,NEGATIVE_Labour,4,0.090
POSITIVE_Conservative,NEGATIVE_Labour,5,0.000
POSITIVE_Conservative,NEGATIVE_Labour,6,0.000
POSITIVE_Conservative,POSITIVE_Centre_parties,1,0.205
POSITIVE_Conservative,POSITIVE_Centre_parties,2,0.219
POSITIVE_Conservative,POSITIVE_Centre_parties,3,0.765
POSITIVE_Conservative,POSITIVE_Centre_parties,4,0.789
POSITIVE_Conservative,POSITIVE_Centre_parties,5,0.711
POSITIVE_Conservative,POSITIVE_Centre_parties,6,0.324
POSITIVE_Conservative,POSITIVE_Labour,1,0.172
POSITIVE_Conservative,POSITIVE_Labour,2,0.442
POSITIVE_Conservative,POSITIVE_Labour,3,0.851
POSITIVE_Conservative,POSITIVE_Labour,4,0.513
POSITIVE_Conservative,POSITIVE_Labour,5,0.034
POSITIVE_Conservative,POSITIVE_Labour,6,0.007
POSITIVE_Labour,NEGATIVE_Centre,1,0.284
POSITIVE_Labour,NEGATIVE_Centre,2,0.156
POSITIVE_Labour,NEGATIVE_Centre,3,0.055
POSITIVE_Labour,NEGATIVE_Centre,4,0.000
POSITIVE_Labour,NEGATIVE_Centre,5,0.000
POSITIVE_Labour,NEGATIVE_Centre,6,0.000
POSITIVE_Labour,NEGATIVE_Left-wing,1,0.185
POSITIVE_Labour,NEGATIVE_Left-wing,2,0.005
POSITIVE_Labour,NEGATIVE_Left-wing,3,0.001
POSITIVE_Labour,NEGATIVE_Left-wing,4,0.001
POSITIVE_Labour,NEGATIVE_Left-wing,5,0.012
POSITIVE_Labour,NEGATIVE_Left-wing,6,0.047
POSITIVE_Labour,NEGATIVE_Right-wing,1,0.011
POSITIVE_Labour,NEGATIVE_Right-wing,2,0.004
POSITIVE_Labour,NEGATIVE_Right-wing,3,0.003
POSITIVE_Labour,NEGATIVE_Right-wing,4,0.019
POSITIVE_Labour,NEGATIVE_Right-wing,5,0.133
POSITIVE_Labour,NEGATIVE_Right-wing,6,0.341
POSITIVE_Labour,POSITIVE_Centre,1,0.896
POSITIVE_Labour,POSITIVE_Centre,2,0.169
POSITIVE_Labour,POSITIVE_Centre,3,0.075
POSITIVE_Labour,POSITIVE_Centre,4,0.101
POSITIVE_Labour,POSITIVE_Centre,5,0.117
POSITIVE_Labour,POSITIVE_Centre,6,0.197
POSITIVE_Labour,POSITIVE_Left-wing,1,0.684
POSITIVE_Labour,POSITIVE_Left-wing,2,0.541
POSITIVE_Labour,POSITIVE_Left-wing,3,0.345
POSITIVE_Labour,POSITIVE_Left-wing,4,0.454
POSITIVE_Labour,POSITIVE_Left-wing,5,0.767
POSITIVE_Labour,POSITIVE_Left-wing,6,0.887
POSITIVE_Labour,POSITIVE_Right-wing,1,0.032
POSITIVE_Labour,POSITIVE_Right-wing,2,0.043
POSITIVE_Labour,POSITIVE_Right-wing,3,0.035
POSITIVE_Labour,POSITIVE_Right-wing,4,0.056
POSITIVE_Labour,POSITIVE_Right-wing,5,0.313
POSITIVE_Labour,POSITIVE_Right-wing,6,0.294
POSITIVE_Labour,NEGATIVE_Centre_parties,1,0.174
POSITIVE_Labour,NEGATIVE_Centre_parties,2,0.371
POSITIVE_Labour,NEGATIVE_Centre_parties,3,0.559
POSITIVE_Labour,NEGATIVE_Centre_parties,4,0.612
POSITIVE_Labour,NEGATIVE_Centre_parties,5,0.636
POSITIVE_Labour,NEGATIVE_Centre_parties,6,0.467
POSITIVE_Labour,NEGATIVE_Conservative,1,0.409
POSITIVE_Labour,NEGATIVE_Conservative,2,0.793
POSITIVE_Labour,NEGATIVE_Conservative,3,0.960
POSITIVE_Labour,NEGATIVE_Conservative,4,0.953
POSITIVE_Labour,NEGATIVE_Conservative,5,0.063
POSITIVE_Labour,NEGATIVE_Conservative,6,0.003
POSITIVE_Labour,NEGATIVE_Labour,1,0.293
POSITIVE_Labour,NEGATIVE_Labour,2,0.541
POSITIVE_Labour,NEGATIVE_Labour,3,0.809
POSITIVE_Labour,NEGATIVE_Labour,4,0.883
POSITIVE_Labour,NEGATIVE_Labour,5,0.946
POSITIVE_Labour,NEGATIVE_Labour,6,0.889
POSITIVE_Labour,POSITIVE_Centre_parties,1,0.445
POSITIVE_Labour,POSITIVE_Centre_parties,2,0.443
POSITIVE_Labour,POSITIVE_Centre_parties,3,0.583
POSITIVE_Labour,POSITIVE_Centre_parties,4,0.618
POSITIVE_Labour,POSITIVE_Centre_parties,5,0.401
POSITIVE_Labour,POSITIVE_Centre_parties,6,0.512
POSITIVE_Labour,POSITIVE_Conservative,1,0.254
POSITIVE_Labour,POSITIVE_Conservative,2,0.415
POSITIVE_Labour,POSITIVE_Conservative,3,0.756
POSITIVE_Labour,POSITIVE_Conservative,4,0.744
POSITIVE_Labour,POSITIVE_Conservative,5,0.263
POSITIVE_Labour,POSITIVE_Conservative,6,0.234
