x_name,y_name,lag,p-value
NEGATIVE_Centre,NEGATIVE_Left-wing,1,0.0069802139286575665
NEGATIVE_Centre,NEGATIVE_Left-wing,2,0.0009178246199206256
NEGATIVE_Centre,NEGATIVE_Left-wing,3,0.00011618745946797062
NEGATIVE_Centre,NEGATIVE_Left-wing,4,9.46045110859428e-05
NEGATIVE_Centre,NEGATIVE_Left-wing,5,0.0007241480185953706
NEGATIVE_Centre,NEGATIVE_Left-wing,6,0.007543967768060563
NEGATIVE_Centre,NEGATIVE_Left-wing,7,0.00075678800334479
NEGATIVE_Centre,NEGATIVE_Right-wing,1,0.006813793868572291
NEGATIVE_Centre,NEGATIVE_Right-wing,2,0.06411626444897942
NEGATIVE_Centre,NEGATIVE_Right-wing,3,0.002272362060844902
NEGATIVE_Centre,NEGATIVE_Right-wing,4,0.09130022773907932
NEGATIVE_Centre,NEGATIVE_Right-wing,5,0.2423094369884897
NEGATIVE_Centre,NEGATIVE_Right-wing,6,0.00497133108912826
NEGATIVE_Centre,NEGATIVE_Right-wing,7,4.212246086023464e-05
NEGATIVE_Centre,POSITIVE_Centre,1,0.1984303267379263
NEGATIVE_Centre,POSITIVE_Centre,2,0.15960489760401914
NEGATIVE_Centre,POSITIVE_Centre,3,0.15619878174097448
NEGATIVE_Centre,POSITIVE_Centre,4,0.05683581926445451
NEGATIVE_Centre,POSITIVE_Centre,5,0.13389624879788944
NEGATIVE_Centre,POSITIVE_Centre,6,0.17210404785342598
NEGATIVE_Centre,POSITIVE_Centre,7,0.1825378054735924
NEGATIVE_Centre,POSITIVE_Left-wing,1,0.4026489576925203
NEGATIVE_Centre,POSITIVE_Left-wing,2,0.007270335378791519
NEGATIVE_Centre,POSITIVE_Left-wing,3,0.016400676738041717
NEGATIVE_Centre,POSITIVE_Left-wing,4,0.0035942159327496475
NEGATIVE_Centre,POSITIVE_Left-wing,5,0.03605845542366448
NEGATIVE_Centre,POSITIVE_Left-wing,6,0.011994075478762951
NEGATIVE_Centre,POSITIVE_Left-wing,7,0.0003369210411790825
NEGATIVE_Centre,POSITIVE_Right-wing,1,0.11112518421863234
NEGATIVE_Centre,POSITIVE_Right-wing,2,5.9207366157347e-05
NEGATIVE_Centre,POSITIVE_Right-wing,3,0.001601127693746716
NEGATIVE_Centre,POSITIVE_Right-wing,4,0.008772097893936471
NEGATIVE_Centre,POSITIVE_Right-wing,5,0.005744544312198342
NEGATIVE_Centre,POSITIVE_Right-wing,6,0.004943031781366747
NEGATIVE_Centre,POSITIVE_Right-wing,7,0.00473123256616279
NEGATIVE_Centre,NEGATIVE_Centre_parties,1,0.05739261245621218
NEGATIVE_Centre,NEGATIVE_Centre_parties,2,8.364750168333383e-12
NEGATIVE_Centre,NEGATIVE_Centre_parties,3,1.8306403194078583e-11
NEGATIVE_Centre,NEGATIVE_Centre_parties,4,3.921210024471923e-10
NEGATIVE_Centre,NEGATIVE_Centre_parties,5,2.560740387101146e-08
NEGATIVE_Centre,NEGATIVE_Centre_parties,6,6.539778386492668e-07
NEGATIVE_Centre,NEGATIVE_Centre_parties,7,2.6993170868892747e-08
NEGATIVE_Centre,NEGATIVE_Conservative,1,0.0085408998545225
NEGATIVE_Centre,NEGATIVE_Conservative,2,1.9470560940748026e-05
NEGATIVE_Centre,NEGATIVE_Conservative,3,0.0002616695622777
NEGATIVE_Centre,NEGATIVE_Conservative,4,0.0016986185259278452
NEGATIVE_Centre,NEGATIVE_Conservative,5,0.00581362474212544
NEGATIVE_Centre,NEGATIVE_Conservative,6,0.012600402994788568
NEGATIVE_Centre,NEGATIVE_Conservative,7,0.009597388140474013
NEGATIVE_Centre,NEGATIVE_Labour,1,0.11887131721718505
NEGATIVE_Centre,NEGATIVE_Labour,2,2.169744368328068e-08
NEGATIVE_Centre,NEGATIVE_Labour,3,6.469746750917973e-09
NEGATIVE_Centre,NEGATIVE_Labour,4,1.6123383611627064e-07
NEGATIVE_Centre,NEGATIVE_Labour,5,1.5245016083072402e-05
NEGATIVE_Centre,NEGATIVE_Labour,6,0.00022808408875257805
NEGATIVE_Centre,NEGATIVE_Labour,7,3.4248762842792184e-05
NEGATIVE_Centre,POSITIVE_Centre_parties,1,0.0023736942360454527
NEGATIVE_Centre,POSITIVE_Centre_parties,2,2.8056181977508735e-09
NEGATIVE_Centre,POSITIVE_Centre_parties,3,1.708371286262728e-09
NEGATIVE_Centre,POSITIVE_Centre_parties,4,2.2661727532588314e-08
NEGATIVE_Centre,POSITIVE_Centre_parties,5,7.384168413974747e-07
NEGATIVE_Centre,POSITIVE_Centre_parties,6,5.145334258564308e-06
NEGATIVE_Centre,POSITIVE_Centre_parties,7,1.822691515642303e-06
NEGATIVE_Centre,POSITIVE_Conservative,1,0.02675748112512747
NEGATIVE_Centre,POSITIVE_Conservative,2,3.975198381174949e-05
NEGATIVE_Centre,POSITIVE_Conservative,3,3.827772071734183e-05
NEGATIVE_Centre,POSITIVE_Conservative,4,0.00025117156895584984
NEGATIVE_Centre,POSITIVE_Conservative,5,0.010939582825032884
NEGATIVE_Centre,POSITIVE_Conservative,6,0.028842992651674768
NEGATIVE_Centre,POSITIVE_Conservative,7,0.014101629911335704
NEGATIVE_Centre,POSITIVE_Labour,1,0.5110288206143185
NEGATIVE_Centre,POSITIVE_Labour,2,1.2487471277787639e-07
NEGATIVE_Centre,POSITIVE_Labour,3,6.813464896627707e-08
NEGATIVE_Centre,POSITIVE_Labour,4,1.3851511387135652e-06
NEGATIVE_Centre,POSITIVE_Labour,5,3.259155443535007e-05
NEGATIVE_Centre,POSITIVE_Labour,6,0.0002088696700176962
NEGATIVE_Centre,POSITIVE_Labour,7,9.750272028259242e-06
NEGATIVE_Left-wing,NEGATIVE_Centre,1,3.538704159980047e-06
NEGATIVE_Left-wing,NEGATIVE_Centre,2,1.8323435198557577e-08
NEGATIVE_Left-wing,NEGATIVE_Centre,3,8.158071822416077e-09
NEGATIVE_Left-wing,NEGATIVE_Centre,4,3.795565710509166e-08
NEGATIVE_Left-wing,NEGATIVE_Centre,5,2.8315917527308006e-07
NEGATIVE_Left-wing,NEGATIVE_Centre,6,3.4540197170292516e-06
NEGATIVE_Left-wing,NEGATIVE_Centre,7,7.046177721713085e-08
NEGATIVE_Left-wing,NEGATIVE_Right-wing,1,0.9448513236593459
NEGATIVE_Left-wing,NEGATIVE_Right-wing,2,0.8531871714292192
NEGATIVE_Left-wing,NEGATIVE_Right-wing,3,0.009721463677972126
NEGATIVE_Left-wing,NEGATIVE_Right-wing,4,0.19382219272220394
NEGATIVE_Left-wing,NEGATIVE_Right-wing,5,0.30816973894753064
NEGATIVE_Left-wing,NEGATIVE_Right-wing,6,0.006700215436966199
NEGATIVE_Left-wing,NEGATIVE_Right-wing,7,7.910969138119516e-06
NEGATIVE_Left-wing,POSITIVE_Centre,1,0.052483919264751565
NEGATIVE_Left-wing,POSITIVE_Centre,2,0.00025094748733700556
NEGATIVE_Left-wing,POSITIVE_Centre,3,0.00032523737096441585
NEGATIVE_Left-wing,POSITIVE_Centre,4,0.00067752791766773
NEGATIVE_Left-wing,POSITIVE_Centre,5,0.0011491945438953937
NEGATIVE_Left-wing,POSITIVE_Centre,6,0.0015535099491561215
NEGATIVE_Left-wing,POSITIVE_Centre,7,0.003057016117516511
NEGATIVE_Left-wing,POSITIVE_Left-wing,1,0.5060451814285156
NEGATIVE_Left-wing,POSITIVE_Left-wing,2,0.3518448085490179
NEGATIVE_Left-wing,POSITIVE_Left-wing,3,0.052668488284210606
NEGATIVE_Left-wing,POSITIVE_Left-wing,4,0.02938959494462651
NEGATIVE_Left-wing,POSITIVE_Left-wing,5,0.00570435869017865
NEGATIVE_Left-wing,POSITIVE_Left-wing,6,0.019276153245859837
NEGATIVE_Left-wing,POSITIVE_Left-wing,7,0.028415870482293906
NEGATIVE_Left-wing,POSITIVE_Right-wing,1,0.3229154832953051
NEGATIVE_Left-wing,POSITIVE_Right-wing,2,0.15917154550934579
NEGATIVE_Left-wing,POSITIVE_Right-wing,3,0.2479252401551237
NEGATIVE_Left-wing,POSITIVE_Right-wing,4,0.5787629632609103
NEGATIVE_Left-wing,POSITIVE_Right-wing,5,0.5658432078506344
NEGATIVE_Left-wing,POSITIVE_Right-wing,6,0.7013599665629232
NEGATIVE_Left-wing,POSITIVE_Right-wing,7,0.7260519134223652
NEGATIVE_Left-wing,NEGATIVE_Centre_parties,1,0.0050525763574648325
NEGATIVE_Left-wing,NEGATIVE_Centre_parties,2,0.0002744689670519088
NEGATIVE_Left-wing,NEGATIVE_Centre_parties,3,0.002663689859613075
NEGATIVE_Left-wing,NEGATIVE_Centre_parties,4,0.07508579060457093
NEGATIVE_Left-wing,NEGATIVE_Centre_parties,5,0.19718303224103156
NEGATIVE_Left-wing,NEGATIVE_Centre_parties,6,0.20192108314570298
NEGATIVE_Left-wing,NEGATIVE_Centre_parties,7,0.27736091457746054
NEGATIVE_Left-wing,NEGATIVE_Conservative,1,8.117179069865985e-05
NEGATIVE_Left-wing,NEGATIVE_Conservative,2,6.889518750077858e-07
NEGATIVE_Left-wing,NEGATIVE_Conservative,3,1.13950021515491e-05
NEGATIVE_Left-wing,NEGATIVE_Conservative,4,0.00199343653358112
NEGATIVE_Left-wing,NEGATIVE_Conservative,5,0.0062083001253280855
NEGATIVE_Left-wing,NEGATIVE_Conservative,6,0.0030676903554758463
NEGATIVE_Left-wing,NEGATIVE_Conservative,7,0.0010493380254387428
NEGATIVE_Left-wing,NEGATIVE_Labour,1,0.00458171444066546
NEGATIVE_Left-wing,NEGATIVE_Labour,2,8.593120180761919e-05
NEGATIVE_Left-wing,NEGATIVE_Labour,3,0.0010220149322192125
NEGATIVE_Left-wing,NEGATIVE_Labour,4,0.08717173275216475
NEGATIVE_Left-wing,NEGATIVE_Labour,5,0.15782291140074797
NEGATIVE_Left-wing,NEGATIVE_Labour,6,0.0854493585135615
NEGATIVE_Left-wing,NEGATIVE_Labour,7,0.08372691774449413
NEGATIVE_Left-wing,POSITIVE_Centre_parties,1,0.004501279399719689
NEGATIVE_Left-wing,POSITIVE_Centre_parties,2,0.0030115552556190953
NEGATIVE_Left-wing,POSITIVE_Centre_parties,3,0.042976366461165226
NEGATIVE_Left-wing,POSITIVE_Centre_parties,4,0.15761287858588954
NEGATIVE_Left-wing,POSITIVE_Centre_parties,5,0.1308070733622947
NEGATIVE_Left-wing,POSITIVE_Centre_parties,6,0.04536929518562753
NEGATIVE_Left-wing,POSITIVE_Centre_parties,7,0.03657232750610347
NEGATIVE_Left-wing,POSITIVE_Conservative,1,0.0022292087149318285
NEGATIVE_Left-wing,POSITIVE_Conservative,2,4.620940904903225e-05
NEGATIVE_Left-wing,POSITIVE_Conservative,3,0.000993139701180886
NEGATIVE_Left-wing,POSITIVE_Conservative,4,0.0709751637669517
NEGATIVE_Left-wing,POSITIVE_Conservative,5,0.11842365565106659
NEGATIVE_Left-wing,POSITIVE_Conservative,6,0.03620391042118166
NEGATIVE_Left-wing,POSITIVE_Conservative,7,0.03176732737865461
NEGATIVE_Left-wing,POSITIVE_Labour,1,0.0010839371265531472
NEGATIVE_Left-wing,POSITIVE_Labour,2,0.000866570379437056
NEGATIVE_Left-wing,POSITIVE_Labour,3,0.007169398701103361
NEGATIVE_Left-wing,POSITIVE_Labour,4,0.06885962106903201
NEGATIVE_Left-wing,POSITIVE_Labour,5,0.034049197330767444
NEGATIVE_Left-wing,POSITIVE_Labour,6,0.01360081279546177
NEGATIVE_Left-wing,POSITIVE_Labour,7,0.005714963282483681
NEGATIVE_Right-wing,NEGATIVE_Centre,1,3.7687209399502524e-17
NEGATIVE_Right-wing,NEGATIVE_Centre,2,2.2582146891681136e-20
NEGATIVE_Right-wing,NEGATIVE_Centre,3,1.4333651904309504e-21
NEGATIVE_Right-wing,NEGATIVE_Centre,4,1.7964637661407427e-19
NEGATIVE_Right-wing,NEGATIVE_Centre,5,1.878195629604583e-18
NEGATIVE_Right-wing,NEGATIVE_Centre,6,1.795557588279796e-18
NEGATIVE_Right-wing,NEGATIVE_Centre,7,5.343712892851892e-18
NEGATIVE_Right-wing,NEGATIVE_Left-wing,1,1.949707145824595e-06
NEGATIVE_Right-wing,NEGATIVE_Left-wing,2,7.158854178997669e-13
NEGATIVE_Right-wing,NEGATIVE_Left-wing,3,4.61401938640386e-14
NEGATIVE_Right-wing,NEGATIVE_Left-wing,4,7.149836360429642e-13
NEGATIVE_Right-wing,NEGATIVE_Left-wing,5,9.006577315056593e-12
NEGATIVE_Right-wing,NEGATIVE_Left-wing,6,1.9147870453639165e-11
NEGATIVE_Right-wing,NEGATIVE_Left-wing,7,1.669921276570947e-11
NEGATIVE_Right-wing,POSITIVE_Centre,1,0.0012974297484410347
NEGATIVE_Right-wing,POSITIVE_Centre,2,0.001883335486178826
NEGATIVE_Right-wing,POSITIVE_Centre,3,0.002489716725949193
NEGATIVE_Right-wing,POSITIVE_Centre,4,0.005727228147365636
NEGATIVE_Right-wing,POSITIVE_Centre,5,0.0039025263882185037
NEGATIVE_Right-wing,POSITIVE_Centre,6,0.014214914872913952
NEGATIVE_Right-wing,POSITIVE_Centre,7,0.023459896377520426
NEGATIVE_Right-wing,POSITIVE_Left-wing,1,0.002669981695242371
NEGATIVE_Right-wing,POSITIVE_Left-wing,2,0.0007093205921026551
NEGATIVE_Right-wing,POSITIVE_Left-wing,3,0.0016688295681518916
NEGATIVE_Right-wing,POSITIVE_Left-wing,4,0.0006979236866231656
NEGATIVE_Right-wing,POSITIVE_Left-wing,5,0.0020006415205649324
NEGATIVE_Right-wing,POSITIVE_Left-wing,6,0.00689732558987098
NEGATIVE_Right-wing,POSITIVE_Left-wing,7,0.012022142765996705
NEGATIVE_Right-wing,POSITIVE_Right-wing,1,0.309396487567984
NEGATIVE_Right-wing,POSITIVE_Right-wing,2,0.0015349356577301846
NEGATIVE_Right-wing,POSITIVE_Right-wing,3,0.005653161926535015
NEGATIVE_Right-wing,POSITIVE_Right-wing,4,0.03095248559979801
NEGATIVE_Right-wing,POSITIVE_Right-wing,5,0.06638950967768971
NEGATIVE_Right-wing,POSITIVE_Right-wing,6,0.09551722363388013
NEGATIVE_Right-wing,POSITIVE_Right-wing,7,0.06666955899888918
NEGATIVE_Right-wing,NEGATIVE_Centre_parties,1,0.08493037007358384
NEGATIVE_Right-wing,NEGATIVE_Centre_parties,2,0.00020600487824589693
NEGATIVE_Right-wing,NEGATIVE_Centre_parties,3,1.9040053190734274e-08
NEGATIVE_Right-wing,NEGATIVE_Centre_parties,4,5.454550763171125e-07
NEGATIVE_Right-wing,NEGATIVE_Centre_parties,5,5.166171457747481e-07
NEGATIVE_Right-wing,NEGATIVE_Centre_parties,6,3.8134910823150696e-06
NEGATIVE_Right-wing,NEGATIVE_Centre_parties,7,2.352327954690951e-07
NEGATIVE_Right-wing,NEGATIVE_Conservative,1,0.006228037602912082
NEGATIVE_Right-wing,NEGATIVE_Conservative,2,7.691221957566985e-06
NEGATIVE_Right-wing,NEGATIVE_Conservative,3,3.9034087209297195e-07
NEGATIVE_Right-wing,NEGATIVE_Conservative,4,2.080000738890743e-05
NEGATIVE_Right-wing,NEGATIVE_Conservative,5,6.941127625584575e-08
NEGATIVE_Right-wing,NEGATIVE_Conservative,6,3.776865197782939e-07
NEGATIVE_Right-wing,NEGATIVE_Conservative,7,6.32185643857471e-10
NEGATIVE_Right-wing,NEGATIVE_Labour,1,0.001335833624268773
NEGATIVE_Right-wing,NEGATIVE_Labour,2,0.00013190044886993084
NEGATIVE_Right-wing,NEGATIVE_Labour,3,4.5817095447119826e-09
NEGATIVE_Right-wing,NEGATIVE_Labour,4,3.2426082497156616e-07
NEGATIVE_Right-wing,NEGATIVE_Labour,5,3.037004664219885e-08
NEGATIVE_Right-wing,NEGATIVE_Labour,6,1.4093869422298223e-07
NEGATIVE_Right-wing,NEGATIVE_Labour,7,5.4135035301292145e-09
NEGATIVE_Right-wing,POSITIVE_Centre_parties,1,0.44535990221173516
NEGATIVE_Right-wing,POSITIVE_Centre_parties,2,0.0008200463236313775
NEGATIVE_Right-wing,POSITIVE_Centre_parties,3,1.250437961152646e-08
NEGATIVE_Right-wing,POSITIVE_Centre_parties,4,4.04109286666138e-07
NEGATIVE_Right-wing,POSITIVE_Centre_parties,5,6.390084423546599e-07
NEGATIVE_Right-wing,POSITIVE_Centre_parties,6,1.5461506356618547e-06
NEGATIVE_Right-wing,POSITIVE_Centre_parties,7,5.382434234778212e-07
NEGATIVE_Right-wing,POSITIVE_Conservative,1,0.00047961574772181233
NEGATIVE_Right-wing,POSITIVE_Conservative,2,9.54164379894852e-05
NEGATIVE_Right-wing,POSITIVE_Conservative,3,1.653210549543191e-07
NEGATIVE_Right-wing,POSITIVE_Conservative,4,7.943380777605463e-06
NEGATIVE_Right-wing,POSITIVE_Conservative,5,4.481925921864696e-07
NEGATIVE_Right-wing,POSITIVE_Conservative,6,1.567665716765503e-06
NEGATIVE_Right-wing,POSITIVE_Conservative,7,7.453541396914888e-08
NEGATIVE_Right-wing,POSITIVE_Labour,1,0.016909663730201887
NEGATIVE_Right-wing,POSITIVE_Labour,2,0.0005523019037974077
NEGATIVE_Right-wing,POSITIVE_Labour,3,8.967704434440613e-07
NEGATIVE_Right-wing,POSITIVE_Labour,4,3.181893279652217e-05
NEGATIVE_Right-wing,POSITIVE_Labour,5,0.00011298444667270025
NEGATIVE_Right-wing,POSITIVE_Labour,6,0.00014360166524307846
NEGATIVE_Right-wing,POSITIVE_Labour,7,4.6901890099328414e-08
POSITIVE_Centre,NEGATIVE_Centre,1,0.06216947392951071
POSITIVE_Centre,NEGATIVE_Centre,2,0.0004270692229894801
POSITIVE_Centre,NEGATIVE_Centre,3,0.0004939579803028445
POSITIVE_Centre,NEGATIVE_Centre,4,0.000647056213806162
POSITIVE_Centre,NEGATIVE_Centre,5,0.0028945031273386094
POSITIVE_Centre,NEGATIVE_Centre,6,0.000686828793057363
POSITIVE_Centre,NEGATIVE_Centre,7,1.7501245254005022e-05
POSITIVE_Centre,NEGATIVE_Left-wing,1,0.036117994415973874
POSITIVE_Centre,NEGATIVE_Left-wing,2,0.013739911667660818
POSITIVE_Centre,NEGATIVE_Left-wing,3,0.010451330848465131
POSITIVE_Centre,NEGATIVE_Left-wing,4,0.006008028222061478
POSITIVE_Centre,NEGATIVE_Left-wing,5,0.00600022852820823
POSITIVE_Centre,NEGATIVE_Left-wing,6,0.02319205834619465
POSITIVE_Centre,NEGATIVE_Left-wing,7,0.013545836815861509
POSITIVE_Centre,NEGATIVE_Right-wing,1,0.346355740170594
POSITIVE_Centre,NEGATIVE_Right-wing,2,0.7360401925398156
POSITIVE_Centre,NEGATIVE_Right-wing,3,0.8370642542163984
POSITIVE_Centre,NEGATIVE_Right-wing,4,0.6637910935175828
POSITIVE_Centre,NEGATIVE_Right-wing,5,0.5941335020009432
POSITIVE_Centre,NEGATIVE_Right-wing,6,0.6395205006753968
POSITIVE_Centre,NEGATIVE_Right-wing,7,0.10090078556121976
POSITIVE_Centre,POSITIVE_Left-wing,1,0.459187057461069
POSITIVE_Centre,POSITIVE_Left-wing,2,0.06323579469794552
POSITIVE_Centre,POSITIVE_Left-wing,3,0.2159414813354418
POSITIVE_Centre,POSITIVE_Left-wing,4,0.3624754441185488
POSITIVE_Centre,POSITIVE_Left-wing,5,0.4390076744724696
POSITIVE_Centre,POSITIVE_Left-wing,6,0.6360679785792289
POSITIVE_Centre,POSITIVE_Left-wing,7,0.4851565592993605
POSITIVE_Centre,POSITIVE_Right-wing,1,0.024199970403042104
POSITIVE_Centre,POSITIVE_Right-wing,2,0.04574531544490896
POSITIVE_Centre,POSITIVE_Right-wing,3,0.1169701062077321
POSITIVE_Centre,POSITIVE_Right-wing,4,0.09119479093346307
POSITIVE_Centre,POSITIVE_Right-wing,5,0.1496735781750832
POSITIVE_Centre,POSITIVE_Right-wing,6,0.016877391770768548
POSITIVE_Centre,POSITIVE_Right-wing,7,0.025798960691009266
POSITIVE_Centre,NEGATIVE_Centre_parties,1,0.5209173389505706
POSITIVE_Centre,NEGATIVE_Centre_parties,2,0.23588796131413575
POSITIVE_Centre,NEGATIVE_Centre_parties,3,0.005093607023492788
POSITIVE_Centre,NEGATIVE_Centre_parties,4,0.003919309080915882
POSITIVE_Centre,NEGATIVE_Centre_parties,5,0.019980425037468774
POSITIVE_Centre,NEGATIVE_Centre_parties,6,0.010243488844846965
POSITIVE_Centre,NEGATIVE_Centre_parties,7,0.01547125618285417
POSITIVE_Centre,NEGATIVE_Conservative,1,0.3634784605919871
POSITIVE_Centre,NEGATIVE_Conservative,2,0.2329993099610319
POSITIVE_Centre,NEGATIVE_Conservative,3,0.020934499329045925
POSITIVE_Centre,NEGATIVE_Conservative,4,0.011789100150930175
POSITIVE_Centre,NEGATIVE_Conservative,5,0.04146570913626011
POSITIVE_Centre,NEGATIVE_Conservative,6,0.014659589971770741
POSITIVE_Centre,NEGATIVE_Conservative,7,0.017297837706494547
POSITIVE_Centre,NEGATIVE_Labour,1,0.23100194885635938
POSITIVE_Centre,NEGATIVE_Labour,2,0.119716458564702
POSITIVE_Centre,NEGATIVE_Labour,3,0.005930160158359309
POSITIVE_Centre,NEGATIVE_Labour,4,0.004157570375312133
POSITIVE_Centre,NEGATIVE_Labour,5,0.02091943983108597
POSITIVE_Centre,NEGATIVE_Labour,6,0.010507130549013085
POSITIVE_Centre,NEGATIVE_Labour,7,0.014526399387338391
POSITIVE_Centre,POSITIVE_Centre_parties,1,0.743305363908908
POSITIVE_Centre,POSITIVE_Centre_parties,2,0.8998394907021385
POSITIVE_Centre,POSITIVE_Centre_parties,3,0.08308477728037657
POSITIVE_Centre,POSITIVE_Centre_parties,4,0.1072088874093239
POSITIVE_Centre,POSITIVE_Centre_parties,5,0.2526645824750258
POSITIVE_Centre,POSITIVE_Centre_parties,6,0.19696046421185381
POSITIVE_Centre,POSITIVE_Centre_parties,7,0.22688589917160717
POSITIVE_Centre,POSITIVE_Conservative,1,0.07591808287204671
POSITIVE_Centre,POSITIVE_Conservative,2,0.16140561949135093
POSITIVE_Centre,POSITIVE_Conservative,3,0.007675984567981101
POSITIVE_Centre,POSITIVE_Conservative,4,0.0030216481097226364
POSITIVE_Centre,POSITIVE_Conservative,5,0.024000495549084854
POSITIVE_Centre,POSITIVE_Conservative,6,0.005083304198056121
POSITIVE_Centre,POSITIVE_Conservative,7,0.00874567942562598
POSITIVE_Centre,POSITIVE_Labour,1,0.41936646669327926
POSITIVE_Centre,POSITIVE_Labour,2,0.3231367289525249
POSITIVE_Centre,POSITIVE_Labour,3,0.09094287453717184
POSITIVE_Centre,POSITIVE_Labour,4,0.027056501685536537
POSITIVE_Centre,POSITIVE_Labour,5,0.10761852089720311
POSITIVE_Centre,POSITIVE_Labour,6,0.02844719533587808
POSITIVE_Centre,POSITIVE_Labour,7,0.040456700737162565
POSITIVE_Left-wing,NEGATIVE_Centre,1,0.001312539278808854
POSITIVE_Left-wing,NEGATIVE_Centre,2,0.0003935548805938687
POSITIVE_Left-wing,NEGATIVE_Centre,3,0.00012789673791998275
POSITIVE_Left-wing,NEGATIVE_Centre,4,3.2698190474393295e-05
POSITIVE_Left-wing,NEGATIVE_Centre,5,0.000320295067956747
POSITIVE_Left-wing,NEGATIVE_Centre,6,0.00010013825046911357
POSITIVE_Left-wing,NEGATIVE_Centre,7,0.00041243880547208714
POSITIVE_Left-wing,NEGATIVE_Left-wing,1,0.26853767270402473
POSITIVE_Left-wing,NEGATIVE_Left-wing,2,0.08488706676313315
POSITIVE_Left-wing,NEGATIVE_Left-wing,3,4.105689547642529e-05
POSITIVE_Left-wing,NEGATIVE_Left-wing,4,3.289218027293353e-05
POSITIVE_Left-wing,NEGATIVE_Left-wing,5,1.8636266512480107e-05
POSITIVE_Left-wing,NEGATIVE_Left-wing,6,0.0001896481912221107
POSITIVE_Left-wing,NEGATIVE_Left-wing,7,3.337620210310779e-05
POSITIVE_Left-wing,NEGATIVE_Right-wing,1,0.2714507963627192
POSITIVE_Left-wing,NEGATIVE_Right-wing,2,0.07812305157914334
POSITIVE_Left-wing,NEGATIVE_Right-wing,3,0.11632668397993987
POSITIVE_Left-wing,NEGATIVE_Right-wing,4,0.060315058963576314
POSITIVE_Left-wing,NEGATIVE_Right-wing,5,0.039083275389090476
POSITIVE_Left-wing,NEGATIVE_Right-wing,6,0.17120191264885357
POSITIVE_Left-wing,NEGATIVE_Right-wing,7,0.12506910708972424
POSITIVE_Left-wing,POSITIVE_Centre,1,0.047857698428370905
POSITIVE_Left-wing,POSITIVE_Centre,2,0.00551442003727354
POSITIVE_Left-wing,POSITIVE_Centre,3,0.010485214043510651
POSITIVE_Left-wing,POSITIVE_Centre,4,0.011230355339721816
POSITIVE_Left-wing,POSITIVE_Centre,5,0.02716647773955978
POSITIVE_Left-wing,POSITIVE_Centre,6,0.07369533277109427
POSITIVE_Left-wing,POSITIVE_Centre,7,0.05436975394357472
POSITIVE_Left-wing,POSITIVE_Right-wing,1,0.40562965478753976
POSITIVE_Left-wing,POSITIVE_Right-wing,2,0.2382349981247931
POSITIVE_Left-wing,POSITIVE_Right-wing,3,0.4725489706728341
POSITIVE_Left-wing,POSITIVE_Right-wing,4,0.41431766474661413
POSITIVE_Left-wing,POSITIVE_Right-wing,5,0.3026188530973689
POSITIVE_Left-wing,POSITIVE_Right-wing,6,0.5090902633873098
POSITIVE_Left-wing,POSITIVE_Right-wing,7,0.6171426592882148
POSITIVE_Left-wing,NEGATIVE_Centre_parties,1,0.41497523015158944
POSITIVE_Left-wing,NEGATIVE_Centre_parties,2,0.09507729760992506
POSITIVE_Left-wing,NEGATIVE_Centre_parties,3,0.06542520917906776
POSITIVE_Left-wing,NEGATIVE_Centre_parties,4,0.045922170745662814
POSITIVE_Left-wing,NEGATIVE_Centre_parties,5,0.10859068154062658
POSITIVE_Left-wing,NEGATIVE_Centre_parties,6,0.13478363686875802
POSITIVE_Left-wing,NEGATIVE_Centre_parties,7,0.16981446467464872
POSITIVE_Left-wing,NEGATIVE_Conservative,1,0.708033042981543
POSITIVE_Left-wing,NEGATIVE_Conservative,2,0.5752131733778965
POSITIVE_Left-wing,NEGATIVE_Conservative,3,0.14651372393511763
POSITIVE_Left-wing,NEGATIVE_Conservative,4,0.10045769066162155
POSITIVE_Left-wing,NEGATIVE_Conservative,5,0.2443828150650154
POSITIVE_Left-wing,NEGATIVE_Conservative,6,0.2975661774483241
POSITIVE_Left-wing,NEGATIVE_Conservative,7,0.3077344649512051
POSITIVE_Left-wing,NEGATIVE_Labour,1,0.6466215354679927
POSITIVE_Left-wing,NEGATIVE_Labour,2,0.22070027185581492
POSITIVE_Left-wing,NEGATIVE_Labour,3,0.13629008272775028
POSITIVE_Left-wing,NEGATIVE_Labour,4,0.026260631005698715
POSITIVE_Left-wing,NEGATIVE_Labour,5,0.07732644250150009
POSITIVE_Left-wing,NEGATIVE_Labour,6,0.12290923416834994
POSITIVE_Left-wing,NEGATIVE_Labour,7,0.2012614261240832
POSITIVE_Left-wing,POSITIVE_Centre_parties,1,0.35154378905050854
POSITIVE_Left-wing,POSITIVE_Centre_parties,2,0.4512871831793782
POSITIVE_Left-wing,POSITIVE_Centre_parties,3,0.5754870058601678
POSITIVE_Left-wing,POSITIVE_Centre_parties,4,0.5707267860788521
POSITIVE_Left-wing,POSITIVE_Centre_parties,5,0.6273486987765162
POSITIVE_Left-wing,POSITIVE_Centre_parties,6,0.8055011129267248
POSITIVE_Left-wing,POSITIVE_Centre_parties,7,0.6046697486652934
POSITIVE_Left-wing,POSITIVE_Conservative,1,0.2876647537786592
POSITIVE_Left-wing,POSITIVE_Conservative,2,0.33689858402993283
POSITIVE_Left-wing,POSITIVE_Conservative,3,0.18666843804046818
POSITIVE_Left-wing,POSITIVE_Conservative,4,0.03552193847729018
POSITIVE_Left-wing,POSITIVE_Conservative,5,0.11259748749459898
POSITIVE_Left-wing,POSITIVE_Conservative,6,0.25693390211490197
POSITIVE_Left-wing,POSITIVE_Conservative,7,0.33987174530572967
POSITIVE_Left-wing,POSITIVE_Labour,1,0.3027223382667088
POSITIVE_Left-wing,POSITIVE_Labour,2,0.1032374719559396
POSITIVE_Left-wing,POSITIVE_Labour,3,0.07550835814313964
POSITIVE_Left-wing,POSITIVE_Labour,4,0.14508230291523672
POSITIVE_Left-wing,POSITIVE_Labour,5,0.22596038269511018
POSITIVE_Left-wing,POSITIVE_Labour,6,0.26325108004510467
POSITIVE_Left-wing,POSITIVE_Labour,7,0.056491704274821856
POSITIVE_Right-wing,NEGATIVE_Centre,1,0.46093779960596815
POSITIVE_Right-wing,NEGATIVE_Centre,2,1.4807937418139436e-05
POSITIVE_Right-wing,NEGATIVE_Centre,3,9.939550813726191e-06
POSITIVE_Right-wing,NEGATIVE_Centre,4,4.5500647071549694e-07
POSITIVE_Right-wing,NEGATIVE_Centre,5,5.98642427884087e-08
POSITIVE_Right-wing,NEGATIVE_Centre,6,5.029243823225163e-07
POSITIVE_Right-wing,NEGATIVE_Centre,7,1.1395971891038375e-07
POSITIVE_Right-wing,NEGATIVE_Left-wing,1,0.4416459971073252
POSITIVE_Right-wing,NEGATIVE_Left-wing,2,0.41257940264302373
POSITIVE_Right-wing,NEGATIVE_Left-wing,3,7.348720633216881e-05
POSITIVE_Right-wing,NEGATIVE_Left-wing,4,0.00013973348928352305
POSITIVE_Right-wing,NEGATIVE_Left-wing,5,0.000316504981408677
POSITIVE_Right-wing,NEGATIVE_Left-wing,6,0.00125942228430454
POSITIVE_Right-wing,NEGATIVE_Left-wing,7,0.00010057499589154932
POSITIVE_Right-wing,NEGATIVE_Right-wing,1,0.026021923954667153
POSITIVE_Right-wing,NEGATIVE_Right-wing,2,0.0013196851954921846
POSITIVE_Right-wing,NEGATIVE_Right-wing,3,0.009602003111462903
POSITIVE_Right-wing,NEGATIVE_Right-wing,4,7.54156041966122e-05
POSITIVE_Right-wing,NEGATIVE_Right-wing,5,0.00017320107907104086
POSITIVE_Right-wing,NEGATIVE_Right-wing,6,0.0005154075312778138
POSITIVE_Right-wing,NEGATIVE_Right-wing,7,1.215100243993989e-09
POSITIVE_Right-wing,POSITIVE_Centre,1,0.02968025791540969
POSITIVE_Right-wing,POSITIVE_Centre,2,0.007521190287902462
POSITIVE_Right-wing,POSITIVE_Centre,3,0.007300507757955207
POSITIVE_Right-wing,POSITIVE_Centre,4,0.004131364791279503
POSITIVE_Right-wing,POSITIVE_Centre,5,0.0008542533308291177
POSITIVE_Right-wing,POSITIVE_Centre,6,0.012998330202854676
POSITIVE_Right-wing,POSITIVE_Centre,7,0.001537450417440284
POSITIVE_Right-wing,POSITIVE_Left-wing,1,0.09031701493161144
POSITIVE_Right-wing,POSITIVE_Left-wing,2,0.21021620164260374
POSITIVE_Right-wing,POSITIVE_Left-wing,3,0.16138362601667475
POSITIVE_Right-wing,POSITIVE_Left-wing,4,0.3454448796763817
POSITIVE_Right-wing,POSITIVE_Left-wing,5,0.06713094390543232
POSITIVE_Right-wing,POSITIVE_Left-wing,6,0.20986149236886872
POSITIVE_Right-wing,POSITIVE_Left-wing,7,0.28326368017472964
POSITIVE_Right-wing,NEGATIVE_Centre_parties,1,0.22684810323784832
POSITIVE_Right-wing,NEGATIVE_Centre_parties,2,0.35411666710196626
POSITIVE_Right-wing,NEGATIVE_Centre_parties,3,0.062403243272847374
POSITIVE_Right-wing,NEGATIVE_Centre_parties,4,0.005273553669121993
POSITIVE_Right-wing,NEGATIVE_Centre_parties,5,7.878645496564621e-05
POSITIVE_Right-wing,NEGATIVE_Centre_parties,6,2.073547289237372e-05
POSITIVE_Right-wing,NEGATIVE_Centre_parties,7,4.19013317894924e-05
POSITIVE_Right-wing,NEGATIVE_Conservative,1,0.5106106858725753
POSITIVE_Right-wing,NEGATIVE_Conservative,2,0.9900776323062049
POSITIVE_Right-wing,NEGATIVE_Conservative,3,0.0865041396325485
POSITIVE_Right-wing,NEGATIVE_Conservative,4,0.005619562111278805
POSITIVE_Right-wing,NEGATIVE_Conservative,5,5.1509352249421605e-05
POSITIVE_Right-wing,NEGATIVE_Conservative,6,0.00017570336496089195
POSITIVE_Right-wing,NEGATIVE_Conservative,7,0.00028207521433246244
POSITIVE_Right-wing,NEGATIVE_Labour,1,0.2649345990535462
POSITIVE_Right-wing,NEGATIVE_Labour,2,0.9164359756783753
POSITIVE_Right-wing,NEGATIVE_Labour,3,0.32572369704856224
POSITIVE_Right-wing,NEGATIVE_Labour,4,0.012423752782124814
POSITIVE_Right-wing,NEGATIVE_Labour,5,8.867954401472775e-05
POSITIVE_Right-wing,NEGATIVE_Labour,6,6.866952091884704e-05
POSITIVE_Right-wing,NEGATIVE_Labour,7,5.975889359454484e-05
POSITIVE_Right-wing,POSITIVE_Centre_parties,1,0.6827977180292251
POSITIVE_Right-wing,POSITIVE_Centre_parties,2,0.22809124900223518
POSITIVE_Right-wing,POSITIVE_Centre_parties,3,0.25832143792939233
POSITIVE_Right-wing,POSITIVE_Centre_parties,4,0.03605882801606321
POSITIVE_Right-wing,POSITIVE_Centre_parties,5,0.0029606077116090083
POSITIVE_Right-wing,POSITIVE_Centre_parties,6,0.0028308008644455547
POSITIVE_Right-wing,POSITIVE_Centre_parties,7,0.005124326239467286
POSITIVE_Right-wing,POSITIVE_Conservative,1,0.44082822492053375
POSITIVE_Right-wing,POSITIVE_Conservative,2,0.7175734759852725
POSITIVE_Right-wing,POSITIVE_Conservative,3,0.8830642801282198
POSITIVE_Right-wing,POSITIVE_Conservative,4,0.003982848314870834
POSITIVE_Right-wing,POSITIVE_Conservative,5,0.00012571886719145876
POSITIVE_Right-wing,POSITIVE_Conservative,6,0.00025784171261651346
POSITIVE_Right-wing,POSITIVE_Conservative,7,0.00034156773819417693
POSITIVE_Right-wing,POSITIVE_Labour,1,0.40051545604366257
POSITIVE_Right-wing,POSITIVE_Labour,2,0.552213387799881
POSITIVE_Right-wing,POSITIVE_Labour,3,0.05018007963350638
POSITIVE_Right-wing,POSITIVE_Labour,4,0.000442350016026401
POSITIVE_Right-wing,POSITIVE_Labour,5,7.134646294525989e-05
POSITIVE_Right-wing,POSITIVE_Labour,6,0.00027342089638006714
POSITIVE_Right-wing,POSITIVE_Labour,7,0.0005380237578461152
NEGATIVE_Centre_parties,NEGATIVE_Centre,1,0.04438099337380134
NEGATIVE_Centre_parties,NEGATIVE_Centre,2,0.0046657943668671235
NEGATIVE_Centre_parties,NEGATIVE_Centre,3,0.011960454152904268
NEGATIVE_Centre_parties,NEGATIVE_Centre,4,7.184097120552991e-05
NEGATIVE_Centre_parties,NEGATIVE_Centre,5,0.0021117331969200586
NEGATIVE_Centre_parties,NEGATIVE_Centre,6,1.4625580280669872e-05
NEGATIVE_Centre_parties,NEGATIVE_Centre,7,9.417292104365442e-05
NEGATIVE_Centre_parties,NEGATIVE_Left-wing,1,0.2266816289446369
NEGATIVE_Centre_parties,NEGATIVE_Left-wing,2,0.0061960130839556395
NEGATIVE_Centre_parties,NEGATIVE_Left-wing,3,0.0002383440082005391
NEGATIVE_Centre_parties,NEGATIVE_Left-wing,4,0.0004473566438992696
NEGATIVE_Centre_parties,NEGATIVE_Left-wing,5,0.008775026193418333
NEGATIVE_Centre_parties,NEGATIVE_Left-wing,6,0.01349129125937534
NEGATIVE_Centre_parties,NEGATIVE_Left-wing,7,0.022599829535973046
NEGATIVE_Centre_parties,NEGATIVE_Right-wing,1,0.01150827445692322
NEGATIVE_Centre_parties,NEGATIVE_Right-wing,2,0.003145996507177395
NEGATIVE_Centre_parties,NEGATIVE_Right-wing,3,0.021687751326069146
NEGATIVE_Centre_parties,NEGATIVE_Right-wing,4,0.035910312943087094
NEGATIVE_Centre_parties,NEGATIVE_Right-wing,5,0.183727439995622
NEGATIVE_Centre_parties,NEGATIVE_Right-wing,6,0.3906915473563679
NEGATIVE_Centre_parties,NEGATIVE_Right-wing,7,0.4457114992223451
NEGATIVE_Centre_parties,POSITIVE_Centre,1,0.8204369913608169
NEGATIVE_Centre_parties,POSITIVE_Centre,2,0.02459510441553754
NEGATIVE_Centre_parties,POSITIVE_Centre,3,0.02538561337869703
NEGATIVE_Centre_parties,POSITIVE_Centre,4,0.10133144684711162
NEGATIVE_Centre_parties,POSITIVE_Centre,5,0.32013318110965594
NEGATIVE_Centre_parties,POSITIVE_Centre,6,0.28075336765165704
NEGATIVE_Centre_parties,POSITIVE_Centre,7,0.40897728550070767
NEGATIVE_Centre_parties,POSITIVE_Left-wing,1,0.5684940630849771
NEGATIVE_Centre_parties,POSITIVE_Left-wing,2,0.44732268716453116
NEGATIVE_Centre_parties,POSITIVE_Left-wing,3,0.618753335783631
NEGATIVE_Centre_parties,POSITIVE_Left-wing,4,0.9214490051930941
NEGATIVE_Centre_parties,POSITIVE_Left-wing,5,0.9952754373375571
NEGATIVE_Centre_parties,POSITIVE_Left-wing,6,0.9778883420296444
NEGATIVE_Centre_parties,POSITIVE_Left-wing,7,0.9912870507596365
NEGATIVE_Centre_parties,POSITIVE_Right-wing,1,0.0013801083149839572
NEGATIVE_Centre_parties,POSITIVE_Right-wing,2,0.007375510353748348
NEGATIVE_Centre_parties,POSITIVE_Right-wing,3,0.007046872401740118
NEGATIVE_Centre_parties,POSITIVE_Right-wing,4,0.02238524146514379
NEGATIVE_Centre_parties,POSITIVE_Right-wing,5,0.013938524453806474
NEGATIVE_Centre_parties,POSITIVE_Right-wing,6,0.010726260790505074
NEGATIVE_Centre_parties,POSITIVE_Right-wing,7,0.013733782404906882
NEGATIVE_Centre_parties,NEGATIVE_Conservative,1,0.9278053252503513
NEGATIVE_Centre_parties,NEGATIVE_Conservative,2,0.9936778581544466
NEGATIVE_Centre_parties,NEGATIVE_Conservative,3,0.9275225010666445
NEGATIVE_Centre_parties,NEGATIVE_Conservative,4,0.6273913430355978
NEGATIVE_Centre_parties,NEGATIVE_Conservative,5,0.021271989106915443
NEGATIVE_Centre_parties,NEGATIVE_Conservative,6,0.009307889359667946
NEGATIVE_Centre_parties,NEGATIVE_Conservative,7,0.009440206847412806
NEGATIVE_Centre_parties,NEGATIVE_Labour,1,0.3060382071846368
NEGATIVE_Centre_parties,NEGATIVE_Labour,2,0.40136232286122353
NEGATIVE_Centre_parties,NEGATIVE_Labour,3,0.6639252676658074
NEGATIVE_Centre_parties,NEGATIVE_Labour,4,0.6081215376114297
NEGATIVE_Centre_parties,NEGATIVE_Labour,5,0.36575876469993823
NEGATIVE_Centre_parties,NEGATIVE_Labour,6,0.08838498400534554
NEGATIVE_Centre_parties,NEGATIVE_Labour,7,0.03522544032509774
NEGATIVE_Centre_parties,POSITIVE_Centre_parties,1,0.6176329493076796
NEGATIVE_Centre_parties,POSITIVE_Centre_parties,2,0.9594528351284536
NEGATIVE_Centre_parties,POSITIVE_Centre_parties,3,0.27953389461909056
NEGATIVE_Centre_parties,POSITIVE_Centre_parties,4,0.32805006967601796
NEGATIVE_Centre_parties,POSITIVE_Centre_parties,5,0.25875856833253363
NEGATIVE_Centre_parties,POSITIVE_Centre_parties,6,0.21305931582663803
NEGATIVE_Centre_parties,POSITIVE_Centre_parties,7,0.43475137737483915
NEGATIVE_Centre_parties,POSITIVE_Conservative,1,0.2416980397154344
NEGATIVE_Centre_parties,POSITIVE_Conservative,2,0.33282816214213895
NEGATIVE_Centre_parties,POSITIVE_Conservative,3,0.8717303823177507
NEGATIVE_Centre_parties,POSITIVE_Conservative,4,0.9042926342542756
NEGATIVE_Centre_parties,POSITIVE_Conservative,5,0.060056701013566166
NEGATIVE_Centre_parties,POSITIVE_Conservative,6,0.020156654051954034
NEGATIVE_Centre_parties,POSITIVE_Conservative,7,0.010209419577665356
NEGATIVE_Centre_parties,POSITIVE_Labour,1,0.21064019694346597
NEGATIVE_Centre_parties,POSITIVE_Labour,2,0.5024680443343367
NEGATIVE_Centre_parties,POSITIVE_Labour,3,0.6150196255863718
NEGATIVE_Centre_parties,POSITIVE_Labour,4,0.29567011399748017
NEGATIVE_Centre_parties,POSITIVE_Labour,5,0.08555965968590658
NEGATIVE_Centre_parties,POSITIVE_Labour,6,0.12740736659287485
NEGATIVE_Centre_parties,POSITIVE_Labour,7,0.1279452470766939
NEGATIVE_Conservative,NEGATIVE_Centre,1,0.1963126206655871
NEGATIVE_Conservative,NEGATIVE_Centre,2,0.029391685300473237
NEGATIVE_Conservative,NEGATIVE_Centre,3,0.14405081507366213
NEGATIVE_Conservative,NEGATIVE_Centre,4,0.00824239967928137
NEGATIVE_Conservative,NEGATIVE_Centre,5,0.017037441114522916
NEGATIVE_Conservative,NEGATIVE_Centre,6,6.550622934000516e-06
NEGATIVE_Conservative,NEGATIVE_Centre,7,2.7761681474412817e-05
NEGATIVE_Conservative,NEGATIVE_Left-wing,1,0.28623906164933016
NEGATIVE_Conservative,NEGATIVE_Left-wing,2,0.001750247050660079
NEGATIVE_Conservative,NEGATIVE_Left-wing,3,1.5979902713104253e-05
NEGATIVE_Conservative,NEGATIVE_Left-wing,4,0.00033970087874400016
NEGATIVE_Conservative,NEGATIVE_Left-wing,5,0.0006458235088696463
NEGATIVE_Conservative,NEGATIVE_Left-wing,6,0.0002463381619101815
NEGATIVE_Conservative,NEGATIVE_Left-wing,7,0.001316223961286034
NEGATIVE_Conservative,NEGATIVE_Right-wing,1,0.0011538569018287913
NEGATIVE_Conservative,NEGATIVE_Right-wing,2,0.000544078873557866
NEGATIVE_Conservative,NEGATIVE_Right-wing,3,0.0005721515580457559
NEGATIVE_Conservative,NEGATIVE_Right-wing,4,0.10035572700167468
NEGATIVE_Conservative,NEGATIVE_Right-wing,5,0.22206403167177277
NEGATIVE_Conservative,NEGATIVE_Right-wing,6,0.6592958786410996
NEGATIVE_Conservative,NEGATIVE_Right-wing,7,0.733078151798498
NEGATIVE_Conservative,POSITIVE_Centre,1,0.6580560737942186
NEGATIVE_Conservative,POSITIVE_Centre,2,0.22318664293177373
NEGATIVE_Conservative,POSITIVE_Centre,3,0.23093065795804932
NEGATIVE_Conservative,POSITIVE_Centre,4,0.43845110157305756
NEGATIVE_Conservative,POSITIVE_Centre,5,0.17178675012290803
NEGATIVE_Conservative,POSITIVE_Centre,6,0.09414097054537549
NEGATIVE_Conservative,POSITIVE_Centre,7,0.10453536623051414
NEGATIVE_Conservative,POSITIVE_Left-wing,1,0.2896970885794769
NEGATIVE_Conservative,POSITIVE_Left-wing,2,0.5455953834576872
NEGATIVE_Conservative,POSITIVE_Left-wing,3,0.6308156557658153
NEGATIVE_Conservative,POSITIVE_Left-wing,4,0.5304809145918964
NEGATIVE_Conservative,POSITIVE_Left-wing,5,0.2459526843113619
NEGATIVE_Conservative,POSITIVE_Left-wing,6,0.3398229453828631
NEGATIVE_Conservative,POSITIVE_Left-wing,7,0.5649811735365673
NEGATIVE_Conservative,POSITIVE_Right-wing,1,0.029414396102086172
NEGATIVE_Conservative,POSITIVE_Right-wing,2,0.05432918354067894
NEGATIVE_Conservative,POSITIVE_Right-wing,3,0.07698173466839055
NEGATIVE_Conservative,POSITIVE_Right-wing,4,0.042928910503043476
NEGATIVE_Conservative,POSITIVE_Right-wing,5,0.15823934105621867
NEGATIVE_Conservative,POSITIVE_Right-wing,6,0.08076100031867599
NEGATIVE_Conservative,POSITIVE_Right-wing,7,0.13385909068727764
NEGATIVE_Conservative,NEGATIVE_Centre_parties,1,0.8748244663522612
NEGATIVE_Conservative,NEGATIVE_Centre_parties,2,0.7678115091327231
NEGATIVE_Conservative,NEGATIVE_Centre_parties,3,0.857386674582205
NEGATIVE_Conservative,NEGATIVE_Centre_parties,4,0.16885657372839946
NEGATIVE_Conservative,NEGATIVE_Centre_parties,5,0.07788885130310656
NEGATIVE_Conservative,NEGATIVE_Centre_parties,6,0.04250105660144603
NEGATIVE_Conservative,NEGATIVE_Centre_parties,7,0.04826043078032452
NEGATIVE_Conservative,NEGATIVE_Labour,1,0.8699720913107294
NEGATIVE_Conservative,NEGATIVE_Labour,2,0.7723124044053954
NEGATIVE_Conservative,NEGATIVE_Labour,3,0.860694958533029
NEGATIVE_Conservative,NEGATIVE_Labour,4,0.66335060948983
NEGATIVE_Conservative,NEGATIVE_Labour,5,0.5084715998830174
NEGATIVE_Conservative,NEGATIVE_Labour,6,0.6263058879546834
NEGATIVE_Conservative,NEGATIVE_Labour,7,0.6758365229061173
NEGATIVE_Conservative,POSITIVE_Centre_parties,1,0.7256859623123414
NEGATIVE_Conservative,POSITIVE_Centre_parties,2,0.6841164365386831
NEGATIVE_Conservative,POSITIVE_Centre_parties,3,0.8989966784428389
NEGATIVE_Conservative,POSITIVE_Centre_parties,4,0.6965010729168299
NEGATIVE_Conservative,POSITIVE_Centre_parties,5,0.9202983003226531
NEGATIVE_Conservative,POSITIVE_Centre_parties,6,0.9768589072719477
NEGATIVE_Conservative,POSITIVE_Centre_parties,7,0.9283203427896871
NEGATIVE_Conservative,POSITIVE_Conservative,1,0.3477192029050006
NEGATIVE_Conservative,POSITIVE_Conservative,2,0.6889490228397586
NEGATIVE_Conservative,POSITIVE_Conservative,3,0.8820756045166039
NEGATIVE_Conservative,POSITIVE_Conservative,4,0.3302902264168622
NEGATIVE_Conservative,POSITIVE_Conservative,5,0.18020580063676364
NEGATIVE_Conservative,POSITIVE_Conservative,6,0.40663208561858766
NEGATIVE_Conservative,POSITIVE_Conservative,7,0.4490264228682034
NEGATIVE_Conservative,POSITIVE_Labour,1,0.11009721810300216
NEGATIVE_Conservative,POSITIVE_Labour,2,0.2474116340938818
NEGATIVE_Conservative,POSITIVE_Labour,3,0.5060840296688451
NEGATIVE_Conservative,POSITIVE_Labour,4,0.12608682520140452
NEGATIVE_Conservative,POSITIVE_Labour,5,0.08571025863898021
NEGATIVE_Conservative,POSITIVE_Labour,6,0.02367560790679429
NEGATIVE_Conservative,POSITIVE_Labour,7,0.025488385372318515
NEGATIVE_Labour,NEGATIVE_Centre,1,0.05285370580335111
NEGATIVE_Labour,NEGATIVE_Centre,2,0.015157148444123135
NEGATIVE_Labour,NEGATIVE_Centre,3,0.014545058904647306
NEGATIVE_Labour,NEGATIVE_Centre,4,1.3462540706195469e-07
NEGATIVE_Labour,NEGATIVE_Centre,5,3.079886042140075e-05
NEGATIVE_Labour,NEGATIVE_Centre,6,5.33124801618775e-08
NEGATIVE_Labour,NEGATIVE_Centre,7,1.301783647878651e-07
NEGATIVE_Labour,NEGATIVE_Left-wing,1,0.3384223926081408
NEGATIVE_Labour,NEGATIVE_Left-wing,2,0.005256659177147894
NEGATIVE_Labour,NEGATIVE_Left-wing,3,1.3394964884660139e-05
NEGATIVE_Labour,NEGATIVE_Left-wing,4,3.075488227997238e-05
NEGATIVE_Labour,NEGATIVE_Left-wing,5,0.0020877767715291643
NEGATIVE_Labour,NEGATIVE_Left-wing,6,0.005829794938040535
NEGATIVE_Labour,NEGATIVE_Left-wing,7,0.01443686761742626
NEGATIVE_Labour,NEGATIVE_Right-wing,1,0.0023591715221586242
NEGATIVE_Labour,NEGATIVE_Right-wing,2,0.0008874029427435357
NEGATIVE_Labour,NEGATIVE_Right-wing,3,0.0012203756956498215
NEGATIVE_Labour,NEGATIVE_Right-wing,4,0.016548088066726366
NEGATIVE_Labour,NEGATIVE_Right-wing,5,0.19048090379625457
NEGATIVE_Labour,NEGATIVE_Right-wing,6,0.4789596873917803
NEGATIVE_Labour,NEGATIVE_Right-wing,7,0.43317395646042745
NEGATIVE_Labour,POSITIVE_Centre,1,0.65430350706954
NEGATIVE_Labour,POSITIVE_Centre,2,0.021831156411009488
NEGATIVE_Labour,POSITIVE_Centre,3,0.014312583784276453
NEGATIVE_Labour,POSITIVE_Centre,4,0.07794966681196042
NEGATIVE_Labour,POSITIVE_Centre,5,0.08759513945373255
NEGATIVE_Labour,POSITIVE_Centre,6,0.06020062333041449
NEGATIVE_Labour,POSITIVE_Centre,7,0.12661152094237174
NEGATIVE_Labour,POSITIVE_Left-wing,1,0.3372421511749932
NEGATIVE_Labour,POSITIVE_Left-wing,2,0.618829032966117
NEGATIVE_Labour,POSITIVE_Left-wing,3,0.5043907642452539
NEGATIVE_Labour,POSITIVE_Left-wing,4,0.7567696606376342
NEGATIVE_Labour,POSITIVE_Left-wing,5,0.8762473837578207
NEGATIVE_Labour,POSITIVE_Left-wing,6,0.9091616588821753
NEGATIVE_Labour,POSITIVE_Left-wing,7,0.940015088657734
NEGATIVE_Labour,POSITIVE_Right-wing,1,0.00018531176062781072
NEGATIVE_Labour,POSITIVE_Right-wing,2,0.00168792949846245
NEGATIVE_Labour,POSITIVE_Right-wing,3,0.0027774206293457943
NEGATIVE_Labour,POSITIVE_Right-wing,4,0.002821651864091218
NEGATIVE_Labour,POSITIVE_Right-wing,5,0.010876649357840142
NEGATIVE_Labour,POSITIVE_Right-wing,6,0.019145605411495785
NEGATIVE_Labour,POSITIVE_Right-wing,7,0.02426684479277185
NEGATIVE_Labour,NEGATIVE_Centre_parties,1,0.4086683550184814
NEGATIVE_Labour,NEGATIVE_Centre_parties,2,0.6350054438287147
NEGATIVE_Labour,NEGATIVE_Centre_parties,3,0.9644250738590284
NEGATIVE_Labour,NEGATIVE_Centre_parties,4,0.315431126658367
NEGATIVE_Labour,NEGATIVE_Centre_parties,5,0.014266205692346962
NEGATIVE_Labour,NEGATIVE_Centre_parties,6,0.00011546350300517521
NEGATIVE_Labour,NEGATIVE_Centre_parties,7,0.00016217609228287862
NEGATIVE_Labour,NEGATIVE_Conservative,1,0.827269690227054
NEGATIVE_Labour,NEGATIVE_Conservative,2,0.8044537128789107
NEGATIVE_Labour,NEGATIVE_Conservative,3,0.9519768962469857
NEGATIVE_Labour,NEGATIVE_Conservative,4,0.993048294894505
NEGATIVE_Labour,NEGATIVE_Conservative,5,0.09889392659727507
NEGATIVE_Labour,NEGATIVE_Conservative,6,0.1791724935590321
NEGATIVE_Labour,NEGATIVE_Conservative,7,0.21754796895844386
NEGATIVE_Labour,POSITIVE_Centre_parties,1,0.5925598666098675
NEGATIVE_Labour,POSITIVE_Centre_parties,2,0.5044429940637365
NEGATIVE_Labour,POSITIVE_Centre_parties,3,0.46564527782716925
NEGATIVE_Labour,POSITIVE_Centre_parties,4,0.8632945089784516
NEGATIVE_Labour,POSITIVE_Centre_parties,5,0.7574225772560144
NEGATIVE_Labour,POSITIVE_Centre_parties,6,0.8829840700262284
NEGATIVE_Labour,POSITIVE_Centre_parties,7,0.9651274411570375
NEGATIVE_Labour,POSITIVE_Conservative,1,0.2775328994668289
NEGATIVE_Labour,POSITIVE_Conservative,2,0.2596692742455525
NEGATIVE_Labour,POSITIVE_Conservative,3,0.6686174146509765
NEGATIVE_Labour,POSITIVE_Conservative,4,0.17897531089257365
NEGATIVE_Labour,POSITIVE_Conservative,5,4.253890477580977e-07
NEGATIVE_Labour,POSITIVE_Conservative,6,2.250180506202706e-06
NEGATIVE_Labour,POSITIVE_Conservative,7,1.1679314497435737e-06
NEGATIVE_Labour,POSITIVE_Labour,1,0.3059372047249153
NEGATIVE_Labour,POSITIVE_Labour,2,0.719558161792035
NEGATIVE_Labour,POSITIVE_Labour,3,0.8976638000239632
NEGATIVE_Labour,POSITIVE_Labour,4,0.9270252017357186
NEGATIVE_Labour,POSITIVE_Labour,5,0.3018412750396586
NEGATIVE_Labour,POSITIVE_Labour,6,0.13677329484499978
NEGATIVE_Labour,POSITIVE_Labour,7,0.20045866971691081
POSITIVE_Centre_parties,NEGATIVE_Centre,1,0.013368451662154435
POSITIVE_Centre_parties,NEGATIVE_Centre,2,0.09371201640923754
POSITIVE_Centre_parties,NEGATIVE_Centre,3,0.08276705871408621
POSITIVE_Centre_parties,NEGATIVE_Centre,4,0.0014940028774822875
POSITIVE_Centre_parties,NEGATIVE_Centre,5,0.014616984558844442
POSITIVE_Centre_parties,NEGATIVE_Centre,6,5.308062508954302e-05
POSITIVE_Centre_parties,NEGATIVE_Centre,7,5.859798692688558e-05
POSITIVE_Centre_parties,NEGATIVE_Left-wing,1,0.48663868079347583
POSITIVE_Centre_parties,NEGATIVE_Left-wing,2,0.01107713900545638
POSITIVE_Centre_parties,NEGATIVE_Left-wing,3,0.01970866032411858
POSITIVE_Centre_parties,NEGATIVE_Left-wing,4,0.0038272383803202837
POSITIVE_Centre_parties,NEGATIVE_Left-wing,5,0.015663448016906494
POSITIVE_Centre_parties,NEGATIVE_Left-wing,6,0.047204874805952104
POSITIVE_Centre_parties,NEGATIVE_Left-wing,7,0.05689548684882992
POSITIVE_Centre_parties,NEGATIVE_Right-wing,1,0.00048801242982423563
POSITIVE_Centre_parties,NEGATIVE_Right-wing,2,0.00013966286209198691
POSITIVE_Centre_parties,NEGATIVE_Right-wing,3,0.0007478733894368506
POSITIVE_Centre_parties,NEGATIVE_Right-wing,4,0.004728339154946279
POSITIVE_Centre_parties,NEGATIVE_Right-wing,5,0.040236582328965396
POSITIVE_Centre_parties,NEGATIVE_Right-wing,6,0.2034399788041008
POSITIVE_Centre_parties,NEGATIVE_Right-wing,7,0.0412396255980558
POSITIVE_Centre_parties,POSITIVE_Centre,1,0.7694077582461876
POSITIVE_Centre_parties,POSITIVE_Centre,2,0.8832106144736445
POSITIVE_Centre_parties,POSITIVE_Centre,3,0.37271527781146263
POSITIVE_Centre_parties,POSITIVE_Centre,4,0.440453444413891
POSITIVE_Centre_parties,POSITIVE_Centre,5,0.7117066069404756
POSITIVE_Centre_parties,POSITIVE_Centre,6,0.4629866808863068
POSITIVE_Centre_parties,POSITIVE_Centre,7,0.6175643785719115
POSITIVE_Centre_parties,POSITIVE_Left-wing,1,0.9602169235091584
POSITIVE_Centre_parties,POSITIVE_Left-wing,2,0.24128014393778816
POSITIVE_Centre_parties,POSITIVE_Left-wing,3,0.26937361453967684
POSITIVE_Centre_parties,POSITIVE_Left-wing,4,0.2509457430922175
POSITIVE_Centre_parties,POSITIVE_Left-wing,5,0.3093226633664851
POSITIVE_Centre_parties,POSITIVE_Left-wing,6,0.48486634256127803
POSITIVE_Centre_parties,POSITIVE_Left-wing,7,0.538045381871368
POSITIVE_Centre_parties,POSITIVE_Right-wing,1,0.7251312872506749
POSITIVE_Centre_parties,POSITIVE_Right-wing,2,0.988519808007399
POSITIVE_Centre_parties,POSITIVE_Right-wing,3,0.8913457754350185
POSITIVE_Centre_parties,POSITIVE_Right-wing,4,0.8896416487340388
POSITIVE_Centre_parties,POSITIVE_Right-wing,5,0.9748398164475337
POSITIVE_Centre_parties,POSITIVE_Right-wing,6,0.6774337836393738
POSITIVE_Centre_parties,POSITIVE_Right-wing,7,0.5212762561991444
POSITIVE_Centre_parties,NEGATIVE_Centre_parties,1,0.1620293253466033
POSITIVE_Centre_parties,NEGATIVE_Centre_parties,2,0.3444328802130197
POSITIVE_Centre_parties,NEGATIVE_Centre_parties,3,0.21705996553148968
POSITIVE_Centre_parties,NEGATIVE_Centre_parties,4,0.1858488946533928
POSITIVE_Centre_parties,NEGATIVE_Centre_parties,5,0.33950920058179784
POSITIVE_Centre_parties,NEGATIVE_Centre_parties,6,0.026475288750958448
POSITIVE_Centre_parties,NEGATIVE_Centre_parties,7,0.034512751371682276
POSITIVE_Centre_parties,NEGATIVE_Conservative,1,0.9293021218981843
POSITIVE_Centre_parties,NEGATIVE_Conservative,2,0.8025306463493308
POSITIVE_Centre_parties,NEGATIVE_Conservative,3,0.9574808918766755
POSITIVE_Centre_parties,NEGATIVE_Conservative,4,0.9882662445813519
POSITIVE_Centre_parties,NEGATIVE_Conservative,5,0.4530661009421395
POSITIVE_Centre_parties,NEGATIVE_Conservative,6,0.1068527128950244
POSITIVE_Centre_parties,NEGATIVE_Conservative,7,0.11830351477198041
POSITIVE_Centre_parties,NEGATIVE_Labour,1,0.05337534630147134
POSITIVE_Centre_parties,NEGATIVE_Labour,2,0.08434406740772156
POSITIVE_Centre_parties,NEGATIVE_Labour,3,0.3243517607125529
POSITIVE_Centre_parties,NEGATIVE_Labour,4,0.3705592366805216
POSITIVE_Centre_parties,NEGATIVE_Labour,5,0.6294756609818567
POSITIVE_Centre_parties,NEGATIVE_Labour,6,0.4340879567796122
POSITIVE_Centre_parties,NEGATIVE_Labour,7,0.47417560818903515
POSITIVE_Centre_parties,POSITIVE_Conservative,1,0.03387309478085512
POSITIVE_Centre_parties,POSITIVE_Conservative,2,0.021355308434987133
POSITIVE_Centre_parties,POSITIVE_Conservative,3,0.22254412043001254
POSITIVE_Centre_parties,POSITIVE_Conservative,4,0.09339857251816139
POSITIVE_Centre_parties,POSITIVE_Conservative,5,0.24486456989532568
POSITIVE_Centre_parties,POSITIVE_Conservative,6,0.1740135998123805
POSITIVE_Centre_parties,POSITIVE_Conservative,7,0.21384589287212874
POSITIVE_Centre_parties,POSITIVE_Labour,1,0.5188520586954601
POSITIVE_Centre_parties,POSITIVE_Labour,2,0.7064854363773829
POSITIVE_Centre_parties,POSITIVE_Labour,3,0.6820245975191462
POSITIVE_Centre_parties,POSITIVE_Labour,4,0.8029026312574523
POSITIVE_Centre_parties,POSITIVE_Labour,5,0.7992930931319958
POSITIVE_Centre_parties,POSITIVE_Labour,6,0.4599068608117435
POSITIVE_Centre_parties,POSITIVE_Labour,7,0.3403451347638482
POSITIVE_Conservative,NEGATIVE_Centre,1,0.3814601355348928
POSITIVE_Conservative,NEGATIVE_Centre,2,0.05063700570560949
POSITIVE_Conservative,NEGATIVE_Centre,3,0.033285530501437094
POSITIVE_Conservative,NEGATIVE_Centre,4,4.626738204457822e-08
POSITIVE_Conservative,NEGATIVE_Centre,5,3.950957896426734e-05
POSITIVE_Conservative,NEGATIVE_Centre,6,8.087417984506635e-08
POSITIVE_Conservative,NEGATIVE_Centre,7,5.689916681304955e-08
POSITIVE_Conservative,NEGATIVE_Left-wing,1,0.303963580943744
POSITIVE_Conservative,NEGATIVE_Left-wing,2,0.0007506882025908445
POSITIVE_Conservative,NEGATIVE_Left-wing,3,3.067814363256844e-06
POSITIVE_Conservative,NEGATIVE_Left-wing,4,3.4910926083791266e-06
POSITIVE_Conservative,NEGATIVE_Left-wing,5,0.0008040126510038509
POSITIVE_Conservative,NEGATIVE_Left-wing,6,0.0039007193012011087
POSITIVE_Conservative,NEGATIVE_Left-wing,7,0.010703484069197395
POSITIVE_Conservative,NEGATIVE_Right-wing,1,0.004161824824542766
POSITIVE_Conservative,NEGATIVE_Right-wing,2,0.0014043751912369443
POSITIVE_Conservative,NEGATIVE_Right-wing,3,0.0015457571316696596
POSITIVE_Conservative,NEGATIVE_Right-wing,4,0.002989051935820656
POSITIVE_Conservative,NEGATIVE_Right-wing,5,0.10734927901233289
POSITIVE_Conservative,NEGATIVE_Right-wing,6,0.37896728071081076
POSITIVE_Conservative,NEGATIVE_Right-wing,7,0.22426360697326894
POSITIVE_Conservative,POSITIVE_Centre,1,0.2194333428626052
POSITIVE_Conservative,POSITIVE_Centre,2,0.04378653499819101
POSITIVE_Conservative,POSITIVE_Centre,3,0.012223643570824175
POSITIVE_Conservative,POSITIVE_Centre,4,0.039087634494987485
POSITIVE_Conservative,POSITIVE_Centre,5,0.02570161064208369
POSITIVE_Conservative,POSITIVE_Centre,6,0.022676177215328237
POSITIVE_Conservative,POSITIVE_Centre,7,0.05389722644618125
POSITIVE_Conservative,POSITIVE_Left-wing,1,0.27749907967128806
POSITIVE_Conservative,POSITIVE_Left-wing,2,0.7275458268870045
POSITIVE_Conservative,POSITIVE_Left-wing,3,0.21343267736172555
POSITIVE_Conservative,POSITIVE_Left-wing,4,0.3205939958297325
POSITIVE_Conservative,POSITIVE_Left-wing,5,0.24662819073267295
POSITIVE_Conservative,POSITIVE_Left-wing,6,0.3063393481238863
POSITIVE_Conservative,POSITIVE_Left-wing,7,0.3420180706766352
POSITIVE_Conservative,POSITIVE_Right-wing,1,0.004167577221327236
POSITIVE_Conservative,POSITIVE_Right-wing,2,0.019721776756428114
POSITIVE_Conservative,POSITIVE_Right-wing,3,0.05476212010009906
POSITIVE_Conservative,POSITIVE_Right-wing,4,0.016518634908708033
POSITIVE_Conservative,POSITIVE_Right-wing,5,0.14354994443784935
POSITIVE_Conservative,POSITIVE_Right-wing,6,0.2419233640778857
POSITIVE_Conservative,POSITIVE_Right-wing,7,0.25839044290912416
POSITIVE_Conservative,NEGATIVE_Centre_parties,1,0.31709152689031034
POSITIVE_Conservative,NEGATIVE_Centre_parties,2,0.3166227260600044
POSITIVE_Conservative,NEGATIVE_Centre_parties,3,0.7720015175955173
POSITIVE_Conservative,NEGATIVE_Centre_parties,4,0.7472385477691976
POSITIVE_Conservative,NEGATIVE_Centre_parties,5,0.1845985219273258
POSITIVE_Conservative,NEGATIVE_Centre_parties,6,2.9575958358284706e-05
POSITIVE_Conservative,NEGATIVE_Centre_parties,7,0.00012558284920951665
POSITIVE_Conservative,NEGATIVE_Conservative,1,0.5880389801103656
POSITIVE_Conservative,NEGATIVE_Conservative,2,0.9111831801443595
POSITIVE_Conservative,NEGATIVE_Conservative,3,0.9111180008073488
POSITIVE_Conservative,NEGATIVE_Conservative,4,0.8542896079425853
POSITIVE_Conservative,NEGATIVE_Conservative,5,0.7032166155200443
POSITIVE_Conservative,NEGATIVE_Conservative,6,0.8576433549346484
POSITIVE_Conservative,NEGATIVE_Conservative,7,0.9098789840685938
POSITIVE_Conservative,NEGATIVE_Labour,1,0.407169542450351
POSITIVE_Conservative,NEGATIVE_Labour,2,0.2216647133085261
POSITIVE_Conservative,NEGATIVE_Labour,3,0.3762978011974242
POSITIVE_Conservative,NEGATIVE_Labour,4,0.09003571626635276
POSITIVE_Conservative,NEGATIVE_Labour,5,4.891833077722712e-05
POSITIVE_Conservative,NEGATIVE_Labour,6,0.00023125395511706655
POSITIVE_Conservative,NEGATIVE_Labour,7,0.00022379418966062602
POSITIVE_Conservative,POSITIVE_Centre_parties,1,0.20514847649303924
POSITIVE_Conservative,POSITIVE_Centre_parties,2,0.21909509217534523
POSITIVE_Conservative,POSITIVE_Centre_parties,3,0.7649305020161503
POSITIVE_Conservative,POSITIVE_Centre_parties,4,0.7893675294274904
POSITIVE_Conservative,POSITIVE_Centre_parties,5,0.7114205677340149
POSITIVE_Conservative,POSITIVE_Centre_parties,6,0.32407191771923677
POSITIVE_Conservative,POSITIVE_Centre_parties,7,0.4593025471456236
POSITIVE_Conservative,POSITIVE_Labour,1,0.1717059507655433
POSITIVE_Conservative,POSITIVE_Labour,2,0.4422045388585003
POSITIVE_Conservative,POSITIVE_Labour,3,0.8509466978130479
POSITIVE_Conservative,POSITIVE_Labour,4,0.5132174513045328
POSITIVE_Conservative,POSITIVE_Labour,5,0.03413173001107348
POSITIVE_Conservative,POSITIVE_Labour,6,0.007444937199744644
POSITIVE_Conservative,POSITIVE_Labour,7,0.0070899505990788
POSITIVE_Labour,NEGATIVE_Centre,1,0.283631122447554
POSITIVE_Labour,NEGATIVE_Centre,2,0.15569448361160548
POSITIVE_Labour,NEGATIVE_Centre,3,0.05515015342429561
POSITIVE_Labour,NEGATIVE_Centre,4,1.8441708157861173e-05
POSITIVE_Labour,NEGATIVE_Centre,5,0.000358991205557333
POSITIVE_Labour,NEGATIVE_Centre,6,0.0002386534086003424
POSITIVE_Labour,NEGATIVE_Centre,7,0.0001972282117425578
POSITIVE_Labour,NEGATIVE_Left-wing,1,0.1852461738869018
POSITIVE_Labour,NEGATIVE_Left-wing,2,0.005376803055573438
POSITIVE_Labour,NEGATIVE_Left-wing,3,0.0013523755067177353
POSITIVE_Labour,NEGATIVE_Left-wing,4,0.0013345609948460422
POSITIVE_Labour,NEGATIVE_Left-wing,5,0.011611899342600209
POSITIVE_Labour,NEGATIVE_Left-wing,6,0.04650438693278492
POSITIVE_Labour,NEGATIVE_Left-wing,7,0.06073958499845107
POSITIVE_Labour,NEGATIVE_Right-wing,1,0.011242512625662423
POSITIVE_Labour,NEGATIVE_Right-wing,2,0.0037345206005210806
POSITIVE_Labour,NEGATIVE_Right-wing,3,0.0026861407920321205
POSITIVE_Labour,NEGATIVE_Right-wing,4,0.018804186058995
POSITIVE_Labour,NEGATIVE_Right-wing,5,0.13332648214580053
POSITIVE_Labour,NEGATIVE_Right-wing,6,0.34143705594889606
POSITIVE_Labour,NEGATIVE_Right-wing,7,0.20892278021742394
POSITIVE_Labour,POSITIVE_Centre,1,0.8961472016532125
POSITIVE_Labour,POSITIVE_Centre,2,0.1689581736648869
POSITIVE_Labour,POSITIVE_Centre,3,0.07493996807792162
POSITIVE_Labour,POSITIVE_Centre,4,0.10060068736174384
POSITIVE_Labour,POSITIVE_Centre,5,0.11655542772079393
POSITIVE_Labour,POSITIVE_Centre,6,0.19696168189246832
POSITIVE_Labour,POSITIVE_Centre,7,0.2503032345110183
POSITIVE_Labour,POSITIVE_Left-wing,1,0.683828174387449
POSITIVE_Labour,POSITIVE_Left-wing,2,0.5410834718269528
POSITIVE_Labour,POSITIVE_Left-wing,3,0.34540505683406636
POSITIVE_Labour,POSITIVE_Left-wing,4,0.4538768622078202
POSITIVE_Labour,POSITIVE_Left-wing,5,0.767372703106455
POSITIVE_Labour,POSITIVE_Left-wing,6,0.8870124082013252
POSITIVE_Labour,POSITIVE_Left-wing,7,0.9293315511768485
POSITIVE_Labour,POSITIVE_Right-wing,1,0.03193803234543436
POSITIVE_Labour,POSITIVE_Right-wing,2,0.0431169337162589
POSITIVE_Labour,POSITIVE_Right-wing,3,0.03547045297508858
POSITIVE_Labour,POSITIVE_Right-wing,4,0.05594616324655337
POSITIVE_Labour,POSITIVE_Right-wing,5,0.3134962038322707
POSITIVE_Labour,POSITIVE_Right-wing,6,0.2938911093642139
POSITIVE_Labour,POSITIVE_Right-wing,7,0.21077097826627814
POSITIVE_Labour,NEGATIVE_Centre_parties,1,0.17354311124442323
POSITIVE_Labour,NEGATIVE_Centre_parties,2,0.3714769410825769
POSITIVE_Labour,NEGATIVE_Centre_parties,3,0.5588167138596485
POSITIVE_Labour,NEGATIVE_Centre_parties,4,0.6115981366034441
POSITIVE_Labour,NEGATIVE_Centre_parties,5,0.6357601411108664
POSITIVE_Labour,NEGATIVE_Centre_parties,6,0.466951734029583
POSITIVE_Labour,NEGATIVE_Centre_parties,7,0.36883580163667007
POSITIVE_Labour,NEGATIVE_Conservative,1,0.40868696398748827
POSITIVE_Labour,NEGATIVE_Conservative,2,0.7932742915977067
POSITIVE_Labour,NEGATIVE_Conservative,3,0.9602670524450102
POSITIVE_Labour,NEGATIVE_Conservative,4,0.9526510230741764
POSITIVE_Labour,NEGATIVE_Conservative,5,0.06257350581511126
POSITIVE_Labour,NEGATIVE_Conservative,6,0.002685735674302403
POSITIVE_Labour,NEGATIVE_Conservative,7,0.004845495670644097
POSITIVE_Labour,NEGATIVE_Labour,1,0.293257958312453
POSITIVE_Labour,NEGATIVE_Labour,2,0.5414661642920873
POSITIVE_Labour,NEGATIVE_Labour,3,0.8087184741464456
POSITIVE_Labour,NEGATIVE_Labour,4,0.8830605446894372
POSITIVE_Labour,NEGATIVE_Labour,5,0.9455935899187675
POSITIVE_Labour,NEGATIVE_Labour,6,0.8893238157551808
POSITIVE_Labour,NEGATIVE_Labour,7,0.8995344935281943
POSITIVE_Labour,POSITIVE_Centre_parties,1,0.4447986511307227
POSITIVE_Labour,POSITIVE_Centre_parties,2,0.4429088130010276
POSITIVE_Labour,POSITIVE_Centre_parties,3,0.5826749169729912
POSITIVE_Labour,POSITIVE_Centre_parties,4,0.6179898989090422
POSITIVE_Labour,POSITIVE_Centre_parties,5,0.40103956674925295
POSITIVE_Labour,POSITIVE_Centre_parties,6,0.5124066447399682
POSITIVE_Labour,POSITIVE_Centre_parties,7,0.6465305330491915
POSITIVE_Labour,POSITIVE_Conservative,1,0.2544799727845063
POSITIVE_Labour,POSITIVE_Conservative,2,0.4153527871873205
POSITIVE_Labour,POSITIVE_Conservative,3,0.7558211589491531
POSITIVE_Labour,POSITIVE_Conservative,4,0.7436364261406501
POSITIVE_Labour,POSITIVE_Conservative,5,0.26333658684445616
POSITIVE_Labour,POSITIVE_Conservative,6,0.23376674983280932
POSITIVE_Labour,POSITIVE_Conservative,7,0.2891286938003909
